[{"fields": {"username": "stahl", "first_name": "", "last_name": "", "is_active": true, "is_superuser": true, "is_staff": true, "last_login": "2017-06-26T12:05:51.749Z", "groups": [], "user_permissions": [], "password": "pbkdf2_sha256$12000$6ouVY3IOHw67$nhD62lvWMPSGJDwnEfnlDv6FXM0yYp/gPILeBRxbQw4=", "email": "office@stahlnow.com", "date_joined": "2015-03-24T16:20:03.512Z"}, "model": "auth.user", "pk": 1}, {"fields": {"expire_date": "2017-02-19T21:52:20.862Z", "session_data": "OTIyYzQ4MGMzMWYwMTMxOGU2YjhiYjFhNzY4MTM1NDBmN2Q0MzM1Nzp7Il9hdXRoX3VzZXJfaGFzaCI6IjA3ZWNlOThjNWIzMGM2YTQ1YjI3MjY3YzViMGQ1MjhlNzVjOTMyNGQiLCJfYXV0aF91c2VyX2JhY2tlbmQiOiJkamFuZ28uY29udHJpYi5hdXRoLmJhY2tlbmRzLk1vZGVsQmFja2VuZCIsIl9hdXRoX3VzZXJfaWQiOjF9"}, "model": "sessions.session", "pk": "0kis7udaqcfpzjlqcos9p0gicx65audj"}, {"fields": {"expire_date": "2016-06-23T01:25:13.497Z", "session_data": "YzY1ZjMyNzNhNzQ3ODk4NGE4OGQ3MDgxOTA0YzFkNDIxM2FkNzVmNjp7Il9hdXRoX3VzZXJfaGFzaCI6IjA3ZWNlOThjNWIzMGM2YTQ1YjI3MjY3YzViMGQ1MjhlNzVjOTMyNGQiLCJmaWxlcl9sYXN0X2ZvbGRlcl9pZCI6IjEiLCJfYXV0aF91c2VyX2lkIjoxLCJfYXV0aF91c2VyX2JhY2tlbmQiOiJkamFuZ28uY29udHJpYi5hdXRoLmJhY2tlbmRzLk1vZGVsQmFja2VuZCJ9"}, "model": "sessions.session", "pk": "0nfffshog8hxmdlk0jcy3zmeugetff39"}, {"fields": {"expire_date": "2016-08-29T13:28:20.547Z", "session_data": "OTIyYzQ4MGMzMWYwMTMxOGU2YjhiYjFhNzY4MTM1NDBmN2Q0MzM1Nzp7Il9hdXRoX3VzZXJfaGFzaCI6IjA3ZWNlOThjNWIzMGM2YTQ1YjI3MjY3YzViMGQ1MjhlNzVjOTMyNGQiLCJfYXV0aF91c2VyX2JhY2tlbmQiOiJkamFuZ28uY29udHJpYi5hdXRoLmJhY2tlbmRzLk1vZGVsQmFja2VuZCIsIl9hdXRoX3VzZXJfaWQiOjF9"}, "model": "sessions.session", "pk": "2g89lvigcj2ufnmsmg2ykh8v3oweih13"}, {"fields": {"expire_date": "2015-09-29T15:25:24.541Z", "session_data": "OTIyYzQ4MGMzMWYwMTMxOGU2YjhiYjFhNzY4MTM1NDBmN2Q0MzM1Nzp7Il9hdXRoX3VzZXJfaGFzaCI6IjA3ZWNlOThjNWIzMGM2YTQ1YjI3MjY3YzViMGQ1MjhlNzVjOTMyNGQiLCJfYXV0aF91c2VyX2JhY2tlbmQiOiJkamFuZ28uY29udHJpYi5hdXRoLmJhY2tlbmRzLk1vZGVsQmFja2VuZCIsIl9hdXRoX3VzZXJfaWQiOjF9"}, "model": "sessions.session", "pk": "2z53csvhqzuzz971gqv1qll12wfcg4pl"}, {"fields": {"expire_date": "2016-05-05T21:06:40.188Z", "session_data": "OTIyYzQ4MGMzMWYwMTMxOGU2YjhiYjFhNzY4MTM1NDBmN2Q0MzM1Nzp7Il9hdXRoX3VzZXJfaGFzaCI6IjA3ZWNlOThjNWIzMGM2YTQ1YjI3MjY3YzViMGQ1MjhlNzVjOTMyNGQiLCJfYXV0aF91c2VyX2JhY2tlbmQiOiJkamFuZ28uY29udHJpYi5hdXRoLmJhY2tlbmRzLk1vZGVsQmFja2VuZCIsIl9hdXRoX3VzZXJfaWQiOjF9"}, "model": "sessions.session", "pk": "30s5mm8i7khnqf3947185vnyu8e800tu"}, {"fields": {"expire_date": "2016-06-23T22:11:34.616Z", "session_data": "MjIyOGNmMjU2ZDYwY2YxNjM0MzI4Y2Y3NjMwMzQyYzA0N2Y1ZTYzNjp7Il9hdXRoX3VzZXJfYmFja2VuZCI6ImRqYW5nby5jb250cmliLmF1dGguYmFja2VuZHMuTW9kZWxCYWNrZW5kIiwiX2F1dGhfdXNlcl9oYXNoIjoiMDdlY2U5OGM1YjMwYzZhNDViMjcyNjdjNWIwZDUyOGU3NWM5MzI0ZCIsIl9hdXRoX3VzZXJfaWQiOjEsImZpbGVyX2xhc3RfZm9sZGVyX2lkIjpudWxsfQ=="}, "model": "sessions.session", "pk": "33u2soaugf03ujgtc0ce3f7cwu51p94r"}, {"fields": {"expire_date": "2015-08-03T15:50:08.935Z", "session_data": "OTIyYzQ4MGMzMWYwMTMxOGU2YjhiYjFhNzY4MTM1NDBmN2Q0MzM1Nzp7Il9hdXRoX3VzZXJfaGFzaCI6IjA3ZWNlOThjNWIzMGM2YTQ1YjI3MjY3YzViMGQ1MjhlNzVjOTMyNGQiLCJfYXV0aF91c2VyX2JhY2tlbmQiOiJkamFuZ28uY29udHJpYi5hdXRoLmJhY2tlbmRzLk1vZGVsQmFja2VuZCIsIl9hdXRoX3VzZXJfaWQiOjF9"}, "model": "sessions.session", "pk": "3pt4eebknk8igeu3f19a322esvuu81jn"}, {"fields": {"expire_date": "2017-04-19T22:14:24.714Z", "session_data": "OTIyYzQ4MGMzMWYwMTMxOGU2YjhiYjFhNzY4MTM1NDBmN2Q0MzM1Nzp7Il9hdXRoX3VzZXJfaGFzaCI6IjA3ZWNlOThjNWIzMGM2YTQ1YjI3MjY3YzViMGQ1MjhlNzVjOTMyNGQiLCJfYXV0aF91c2VyX2JhY2tlbmQiOiJkamFuZ28uY29udHJpYi5hdXRoLmJhY2tlbmRzLk1vZGVsQmFja2VuZCIsIl9hdXRoX3VzZXJfaWQiOjF9"}, "model": "sessions.session", "pk": "4s8vdofsgtrkt03w7j4l09zzcu75oiai"}, {"fields": {"expire_date": "2015-08-17T20:37:38.978Z", "session_data": "OTIyYzQ4MGMzMWYwMTMxOGU2YjhiYjFhNzY4MTM1NDBmN2Q0MzM1Nzp7Il9hdXRoX3VzZXJfaGFzaCI6IjA3ZWNlOThjNWIzMGM2YTQ1YjI3MjY3YzViMGQ1MjhlNzVjOTMyNGQiLCJfYXV0aF91c2VyX2JhY2tlbmQiOiJkamFuZ28uY29udHJpYi5hdXRoLmJhY2tlbmRzLk1vZGVsQmFja2VuZCIsIl9hdXRoX3VzZXJfaWQiOjF9"}, "model": "sessions.session", "pk": "76txojazgmzlpdu88xhelm79hggtmr23"}, {"fields": {"expire_date": "2015-05-04T07:56:17.935Z", "session_data": "OTIyYzQ4MGMzMWYwMTMxOGU2YjhiYjFhNzY4MTM1NDBmN2Q0MzM1Nzp7Il9hdXRoX3VzZXJfaGFzaCI6IjA3ZWNlOThjNWIzMGM2YTQ1YjI3MjY3YzViMGQ1MjhlNzVjOTMyNGQiLCJfYXV0aF91c2VyX2JhY2tlbmQiOiJkamFuZ28uY29udHJpYi5hdXRoLmJhY2tlbmRzLk1vZGVsQmFja2VuZCIsIl9hdXRoX3VzZXJfaWQiOjF9"}, "model": "sessions.session", "pk": "7f0k9kcgvii7rjtuy9gmtlrhql557ioc"}, {"fields": {"expire_date": "2015-08-27T01:39:58.426Z", "session_data": "YjVmYWY0NWFhY2ViMGRlNzk5MWVhNDdlZTk4MTY0MTg2ZjkyZjg3Mjp7fQ=="}, "model": "sessions.session", "pk": "itb7xkcnlomsqflb5vfyos7v4lrctbzc"}, {"fields": {"expire_date": "2017-04-29T11:51:24.921Z", "session_data": "OTIyYzQ4MGMzMWYwMTMxOGU2YjhiYjFhNzY4MTM1NDBmN2Q0MzM1Nzp7Il9hdXRoX3VzZXJfaGFzaCI6IjA3ZWNlOThjNWIzMGM2YTQ1YjI3MjY3YzViMGQ1MjhlNzVjOTMyNGQiLCJfYXV0aF91c2VyX2JhY2tlbmQiOiJkamFuZ28uY29udHJpYi5hdXRoLmJhY2tlbmRzLk1vZGVsQmFja2VuZCIsIl9hdXRoX3VzZXJfaWQiOjF9"}, "model": "sessions.session", "pk": "k4m3dumwfpfxvigir12v0sq9n8vyu6tb"}, {"fields": {"expire_date": "2017-01-20T21:23:43.886Z", "session_data": "OTIyYzQ4MGMzMWYwMTMxOGU2YjhiYjFhNzY4MTM1NDBmN2Q0MzM1Nzp7Il9hdXRoX3VzZXJfaGFzaCI6IjA3ZWNlOThjNWIzMGM2YTQ1YjI3MjY3YzViMGQ1MjhlNzVjOTMyNGQiLCJfYXV0aF91c2VyX2JhY2tlbmQiOiJkamFuZ28uY29udHJpYi5hdXRoLmJhY2tlbmRzLk1vZGVsQmFja2VuZCIsIl9hdXRoX3VzZXJfaWQiOjF9"}, "model": "sessions.session", "pk": "kylbwy52dtkjro8o6p0qqtsu5xm93m0f"}, {"fields": {"expire_date": "2016-02-24T13:30:26.094Z", "session_data": "OTIyYzQ4MGMzMWYwMTMxOGU2YjhiYjFhNzY4MTM1NDBmN2Q0MzM1Nzp7Il9hdXRoX3VzZXJfaGFzaCI6IjA3ZWNlOThjNWIzMGM2YTQ1YjI3MjY3YzViMGQ1MjhlNzVjOTMyNGQiLCJfYXV0aF91c2VyX2JhY2tlbmQiOiJkamFuZ28uY29udHJpYi5hdXRoLmJhY2tlbmRzLk1vZGVsQmFja2VuZCIsIl9hdXRoX3VzZXJfaWQiOjF9"}, "model": "sessions.session", "pk": "me99jc2c9lh2wus8mx4aip55n39x4okh"}, {"fields": {"expire_date": "2016-01-28T09:55:57.462Z", "session_data": "OTIyYzQ4MGMzMWYwMTMxOGU2YjhiYjFhNzY4MTM1NDBmN2Q0MzM1Nzp7Il9hdXRoX3VzZXJfaGFzaCI6IjA3ZWNlOThjNWIzMGM2YTQ1YjI3MjY3YzViMGQ1MjhlNzVjOTMyNGQiLCJfYXV0aF91c2VyX2JhY2tlbmQiOiJkamFuZ28uY29udHJpYi5hdXRoLmJhY2tlbmRzLk1vZGVsQmFja2VuZCIsIl9hdXRoX3VzZXJfaWQiOjF9"}, "model": "sessions.session", "pk": "nb9tnsit6q0f0cf70m3bwdbheo2leypj"}, {"fields": {"expire_date": "2016-11-01T08:59:33.215Z", "session_data": "OTIyYzQ4MGMzMWYwMTMxOGU2YjhiYjFhNzY4MTM1NDBmN2Q0MzM1Nzp7Il9hdXRoX3VzZXJfaGFzaCI6IjA3ZWNlOThjNWIzMGM2YTQ1YjI3MjY3YzViMGQ1MjhlNzVjOTMyNGQiLCJfYXV0aF91c2VyX2JhY2tlbmQiOiJkamFuZ28uY29udHJpYi5hdXRoLmJhY2tlbmRzLk1vZGVsQmFja2VuZCIsIl9hdXRoX3VzZXJfaWQiOjF9"}, "model": "sessions.session", "pk": "phetflnnodmoswq7wkkigcvct8sti60u"}, {"fields": {"expire_date": "2017-07-10T12:05:51.757Z", "session_data": "OTIyYzQ4MGMzMWYwMTMxOGU2YjhiYjFhNzY4MTM1NDBmN2Q0MzM1Nzp7Il9hdXRoX3VzZXJfaGFzaCI6IjA3ZWNlOThjNWIzMGM2YTQ1YjI3MjY3YzViMGQ1MjhlNzVjOTMyNGQiLCJfYXV0aF91c2VyX2JhY2tlbmQiOiJkamFuZ28uY29udHJpYi5hdXRoLmJhY2tlbmRzLk1vZGVsQmFja2VuZCIsIl9hdXRoX3VzZXJfaWQiOjF9"}, "model": "sessions.session", "pk": "s052w8u6gninlrjkoingibtfr91lfrk1"}, {"fields": {"expire_date": "2015-07-18T00:57:04.430Z", "session_data": "OTIyYzQ4MGMzMWYwMTMxOGU2YjhiYjFhNzY4MTM1NDBmN2Q0MzM1Nzp7Il9hdXRoX3VzZXJfaGFzaCI6IjA3ZWNlOThjNWIzMGM2YTQ1YjI3MjY3YzViMGQ1MjhlNzVjOTMyNGQiLCJfYXV0aF91c2VyX2JhY2tlbmQiOiJkamFuZ28uY29udHJpYi5hdXRoLmJhY2tlbmRzLk1vZGVsQmFja2VuZCIsIl9hdXRoX3VzZXJfaWQiOjF9"}, "model": "sessions.session", "pk": "ugoud0vzcole8n9tigb33l95oyfvvqbb"}, {"fields": {"expire_date": "2016-10-16T23:15:05.983Z", "session_data": "OTIyYzQ4MGMzMWYwMTMxOGU2YjhiYjFhNzY4MTM1NDBmN2Q0MzM1Nzp7Il9hdXRoX3VzZXJfaGFzaCI6IjA3ZWNlOThjNWIzMGM2YTQ1YjI3MjY3YzViMGQ1MjhlNzVjOTMyNGQiLCJfYXV0aF91c2VyX2JhY2tlbmQiOiJkamFuZ28uY29udHJpYi5hdXRoLmJhY2tlbmRzLk1vZGVsQmFja2VuZCIsIl9hdXRoX3VzZXJfaWQiOjF9"}, "model": "sessions.session", "pk": "ujfb70brqn2lo0srlw8meo8l4ro6k3s9"}, {"fields": {"expire_date": "2015-09-13T22:49:28.212Z", "session_data": "OTIyYzQ4MGMzMWYwMTMxOGU2YjhiYjFhNzY4MTM1NDBmN2Q0MzM1Nzp7Il9hdXRoX3VzZXJfaGFzaCI6IjA3ZWNlOThjNWIzMGM2YTQ1YjI3MjY3YzViMGQ1MjhlNzVjOTMyNGQiLCJfYXV0aF91c2VyX2JhY2tlbmQiOiJkamFuZ28uY29udHJpYi5hdXRoLmJhY2tlbmRzLk1vZGVsQmFja2VuZCIsIl9hdXRoX3VzZXJfaWQiOjF9"}, "model": "sessions.session", "pk": "v0ofv9vyydha7vxrw2ogi9jjhnca7sd0"}, {"fields": {"expire_date": "2016-04-13T12:15:01.405Z", "session_data": "YjVmYWY0NWFhY2ViMGRlNzk5MWVhNDdlZTk4MTY0MTg2ZjkyZjg3Mjp7fQ=="}, "model": "sessions.session", "pk": "vxkutexrbn0asl3z40pe658m7kqcqo5b"}, {"fields": {"expire_date": "2015-05-08T21:44:45.281Z", "session_data": "OTIyYzQ4MGMzMWYwMTMxOGU2YjhiYjFhNzY4MTM1NDBmN2Q0MzM1Nzp7Il9hdXRoX3VzZXJfaGFzaCI6IjA3ZWNlOThjNWIzMGM2YTQ1YjI3MjY3YzViMGQ1MjhlNzVjOTMyNGQiLCJfYXV0aF91c2VyX2JhY2tlbmQiOiJkamFuZ28uY29udHJpYi5hdXRoLmJhY2tlbmRzLk1vZGVsQmFja2VuZCIsIl9hdXRoX3VzZXJfaWQiOjF9"}, "model": "sessions.session", "pk": "vy5nn0mvywmrqqb5wnu8wxqjzbs6g5pn"}, {"fields": {"expire_date": "2015-06-13T00:36:30.852Z", "session_data": "OTIyYzQ4MGMzMWYwMTMxOGU2YjhiYjFhNzY4MTM1NDBmN2Q0MzM1Nzp7Il9hdXRoX3VzZXJfaGFzaCI6IjA3ZWNlOThjNWIzMGM2YTQ1YjI3MjY3YzViMGQ1MjhlNzVjOTMyNGQiLCJfYXV0aF91c2VyX2JhY2tlbmQiOiJkamFuZ28uY29udHJpYi5hdXRoLmJhY2tlbmRzLk1vZGVsQmFja2VuZCIsIl9hdXRoX3VzZXJfaWQiOjF9"}, "model": "sessions.session", "pk": "w3xcmer14u7embot21wk2ov4nsw79jw4"}, {"fields": {"expire_date": "2015-07-03T20:55:46.858Z", "session_data": "OTIyYzQ4MGMzMWYwMTMxOGU2YjhiYjFhNzY4MTM1NDBmN2Q0MzM1Nzp7Il9hdXRoX3VzZXJfaGFzaCI6IjA3ZWNlOThjNWIzMGM2YTQ1YjI3MjY3YzViMGQ1MjhlNzVjOTMyNGQiLCJfYXV0aF91c2VyX2JhY2tlbmQiOiJkamFuZ28uY29udHJpYi5hdXRoLmJhY2tlbmRzLk1vZGVsQmFja2VuZCIsIl9hdXRoX3VzZXJfaWQiOjF9"}, "model": "sessions.session", "pk": "wffirzop5vme4uigeg6h8l2q2rykcm7y"}, {"fields": {"expire_date": "2015-11-10T17:13:46.043Z", "session_data": "OTIyYzQ4MGMzMWYwMTMxOGU2YjhiYjFhNzY4MTM1NDBmN2Q0MzM1Nzp7Il9hdXRoX3VzZXJfaGFzaCI6IjA3ZWNlOThjNWIzMGM2YTQ1YjI3MjY3YzViMGQ1MjhlNzVjOTMyNGQiLCJfYXV0aF91c2VyX2JhY2tlbmQiOiJkamFuZ28uY29udHJpYi5hdXRoLmJhY2tlbmRzLk1vZGVsQmFja2VuZCIsIl9hdXRoX3VzZXJfaWQiOjF9"}, "model": "sessions.session", "pk": "wkjjtj1ln6lzn4gqmztjgom4ovpy6btl"}, {"fields": {"expire_date": "2015-05-04T07:59:48.714Z", "session_data": "OTIyYzQ4MGMzMWYwMTMxOGU2YjhiYjFhNzY4MTM1NDBmN2Q0MzM1Nzp7Il9hdXRoX3VzZXJfaGFzaCI6IjA3ZWNlOThjNWIzMGM2YTQ1YjI3MjY3YzViMGQ1MjhlNzVjOTMyNGQiLCJfYXV0aF91c2VyX2JhY2tlbmQiOiJkamFuZ28uY29udHJpYi5hdXRoLmJhY2tlbmRzLk1vZGVsQmFja2VuZCIsIl9hdXRoX3VzZXJfaWQiOjF9"}, "model": "sessions.session", "pk": "y6jo3n4l79m0h0uvlj51esf142y0bk6f"}, {"fields": {"domain": "stahlnow.com", "name": "stahlnow.com"}, "model": "sites.site", "pk": 1}, {"fields": {"name": "workshop", "slug": "workshop"}, "model": "taggit.tag", "pk": 1}, {"fields": {"name": "sound", "slug": "sound"}, "model": "taggit.tag", "pk": 2}, {"fields": {"name": "android", "slug": "android"}, "model": "taggit.tag", "pk": 3}, {"fields": {"name": "mathematics", "slug": "mathematics"}, "model": "taggit.tag", "pk": 4}, {"fields": {"name": "led", "slug": "led"}, "model": "taggit.tag", "pk": 5}, {"fields": {"name": "visuals", "slug": "visuals"}, "model": "taggit.tag", "pk": 6}, {"fields": {"name": "tv", "slug": "tv"}, "model": "taggit.tag", "pk": 7}, {"fields": {"name": "web", "slug": "web"}, "model": "taggit.tag", "pk": 9}, {"fields": {"name": "game", "slug": "game"}, "model": "taggit.tag", "pk": 10}, {"fields": {"name": "nds", "slug": "nds"}, "model": "taggit.tag", "pk": 11}, {"fields": {"name": "drawing", "slug": "drawing"}, "model": "taggit.tag", "pk": 12}, {"fields": {"name": "automata", "slug": "automata"}, "model": "taggit.tag", "pk": 13}, {"fields": {"name": "IoT", "slug": "iot"}, "model": "taggit.tag", "pk": 16}, {"fields": {"name": "kinect", "slug": "kinect"}, "model": "taggit.tag", "pk": 17}, {"fields": {"name": "openframeworks", "slug": "openframeworks"}, "model": "taggit.tag", "pk": 18}, {"fields": {"name": "interactive", "slug": "interactive"}, "model": "taggit.tag", "pk": 19}, {"fields": {"name": "app", "slug": "app"}, "model": "taggit.tag", "pk": 20}, {"fields": {"name": "software", "slug": "software"}, "model": "taggit.tag", "pk": 21}, {"fields": {"name": "WebAudio", "slug": "webaudio"}, "model": "taggit.tag", "pk": 22}, {"fields": {"name": "WebGL", "slug": "webgl"}, "model": "taggit.tag", "pk": 23}, {"fields": {"name": "hunting", "slug": "hunting"}, "model": "taggit.tag", "pk": 24}, {"fields": {"name": "bioart", "slug": "bioart"}, "model": "taggit.tag", "pk": 25}, {"fields": {"name": "mod", "slug": "mod"}, "model": "taggit.tag", "pk": 26}, {"fields": {"name": "hacking", "slug": "hacking"}, "model": "taggit.tag", "pk": 27}, {"fields": {"name": "avr", "slug": "avr"}, "model": "taggit.tag", "pk": 28}, {"fields": {"name": "sgmk", "slug": "sgmk"}, "model": "taggit.tag", "pk": 29}, {"fields": {"name": "VR", "slug": "vr"}, "model": "taggit.tag", "pk": 30}, {"fields": {"name": "twitter", "slug": "twitter"}, "model": "taggit.tag", "pk": 31}, {"fields": {"name": "space", "slug": "space"}, "model": "taggit.tag", "pk": 32}, {"fields": {"name": "elektro", "slug": "elektro"}, "model": "taggit.tag", "pk": 33}, {"fields": {"name": "radio", "slug": "radio"}, "model": "taggit.tag", "pk": 34}, {"fields": {"name": "electronics", "slug": "electronics"}, "model": "taggit.tag", "pk": 35}, {"fields": {"tag": 5, "content_type": 13, "object_id": 1}, "model": "taggit.taggeditem", "pk": 27}, {"fields": {"tag": 6, "content_type": 13, "object_id": 1}, "model": "taggit.taggeditem", "pk": 28}, {"fields": {"tag": 5, "content_type": 13, "object_id": 2}, "model": "taggit.taggeditem", "pk": 31}, {"fields": {"tag": 6, "content_type": 13, "object_id": 2}, "model": "taggit.taggeditem", "pk": 32}, {"fields": {"tag": 5, "content_type": 13, "object_id": 3}, "model": "taggit.taggeditem", "pk": 33}, {"fields": {"tag": 6, "content_type": 13, "object_id": 3}, "model": "taggit.taggeditem", "pk": 34}, {"fields": {"tag": 2, "content_type": 13, "object_id": 4}, "model": "taggit.taggeditem", "pk": 39}, {"fields": {"tag": 3, "content_type": 13, "object_id": 4}, "model": "taggit.taggeditem", "pk": 40}, {"fields": {"tag": 10, "content_type": 18, "object_id": 8}, "model": "taggit.taggeditem", "pk": 114}, {"fields": {"tag": 13, "content_type": 16, "object_id": 6}, "model": "taggit.taggeditem", "pk": 121}, {"fields": {"tag": 16, "content_type": 18, "object_id": 10}, "model": "taggit.taggeditem", "pk": 135}, {"fields": {"tag": 24, "content_type": 16, "object_id": 8}, "model": "taggit.taggeditem", "pk": 157}, {"fields": {"tag": 4, "content_type": 16, "object_id": 2}, "model": "taggit.taggeditem", "pk": 158}, {"fields": {"tag": 25, "content_type": 16, "object_id": 9}, "model": "taggit.taggeditem", "pk": 162}, {"fields": {"tag": 26, "content_type": 16, "object_id": 9}, "model": "taggit.taggeditem", "pk": 163}, {"fields": {"tag": 2, "content_type": 16, "object_id": 11}, "model": "taggit.taggeditem", "pk": 178}, {"fields": {"tag": 19, "content_type": 16, "object_id": 11}, "model": "taggit.taggeditem", "pk": 179}, {"fields": {"tag": 5, "content_type": 16, "object_id": 11}, "model": "taggit.taggeditem", "pk": 180}, {"fields": {"tag": 5, "content_type": 16, "object_id": 12}, "model": "taggit.taggeditem", "pk": 182}, {"fields": {"tag": 2, "content_type": 16, "object_id": 13}, "model": "taggit.taggeditem", "pk": 183}, {"fields": {"tag": 1, "content_type": 16, "object_id": 14}, "model": "taggit.taggeditem", "pk": 186}, {"fields": {"tag": 29, "content_type": 16, "object_id": 14}, "model": "taggit.taggeditem", "pk": 187}, {"fields": {"tag": 1, "content_type": 16, "object_id": 1}, "model": "taggit.taggeditem", "pk": 188}, {"fields": {"tag": 27, "content_type": 16, "object_id": 10}, "model": "taggit.taggeditem", "pk": 191}, {"fields": {"tag": 28, "content_type": 16, "object_id": 10}, "model": "taggit.taggeditem", "pk": 192}, {"fields": {"tag": 30, "content_type": 16, "object_id": 15}, "model": "taggit.taggeditem", "pk": 224}, {"fields": {"tag": 23, "content_type": 16, "object_id": 15}, "model": "taggit.taggeditem", "pk": 225}, {"fields": {"tag": 2, "content_type": 16, "object_id": 16}, "model": "taggit.taggeditem", "pk": 234}, {"fields": {"tag": 30, "content_type": 16, "object_id": 17}, "model": "taggit.taggeditem", "pk": 245}, {"fields": {"tag": 23, "content_type": 16, "object_id": 17}, "model": "taggit.taggeditem", "pk": 246}, {"fields": {"tag": 22, "content_type": 16, "object_id": 7}, "model": "taggit.taggeditem", "pk": 247}, {"fields": {"tag": 23, "content_type": 16, "object_id": 7}, "model": "taggit.taggeditem", "pk": 248}, {"fields": {"tag": 32, "content_type": 16, "object_id": 18}, "model": "taggit.taggeditem", "pk": 249}, {"fields": {"tag": 33, "content_type": 16, "object_id": 19}, "model": "taggit.taggeditem", "pk": 250}, {"fields": {"tag": 34, "content_type": 16, "object_id": 21}, "model": "taggit.taggeditem", "pk": 253}, {"fields": {"tag": 2, "content_type": 18, "object_id": 12}, "model": "taggit.taggeditem", "pk": 256}, {"fields": {"tag": 22, "content_type": 18, "object_id": 12}, "model": "taggit.taggeditem", "pk": 257}, {"fields": {"tag": 5, "content_type": 18, "object_id": 1}, "model": "taggit.taggeditem", "pk": 260}, {"fields": {"tag": 6, "content_type": 18, "object_id": 1}, "model": "taggit.taggeditem", "pk": 261}, {"fields": {"tag": 5, "content_type": 18, "object_id": 3}, "model": "taggit.taggeditem", "pk": 268}, {"fields": {"tag": 9, "content_type": 18, "object_id": 6}, "model": "taggit.taggeditem", "pk": 269}, {"fields": {"tag": 2, "content_type": 18, "object_id": 7}, "model": "taggit.taggeditem", "pk": 270}, {"fields": {"tag": 11, "content_type": 18, "object_id": 7}, "model": "taggit.taggeditem", "pk": 271}, {"fields": {"tag": 10, "content_type": 18, "object_id": 7}, "model": "taggit.taggeditem", "pk": 272}, {"fields": {"tag": 17, "content_type": 18, "object_id": 11}, "model": "taggit.taggeditem", "pk": 273}, {"fields": {"tag": 18, "content_type": 18, "object_id": 11}, "model": "taggit.taggeditem", "pk": 274}, {"fields": {"tag": 19, "content_type": 18, "object_id": 11}, "model": "taggit.taggeditem", "pk": 275}, {"fields": {"tag": 2, "content_type": 18, "object_id": 5}, "model": "taggit.taggeditem", "pk": 276}, {"fields": {"tag": 11, "content_type": 18, "object_id": 5}, "model": "taggit.taggeditem", "pk": 277}, {"fields": {"tag": 13, "content_type": 18, "object_id": 5}, "model": "taggit.taggeditem", "pk": 278}, {"fields": {"tag": 21, "content_type": 18, "object_id": 5}, "model": "taggit.taggeditem", "pk": 279}, {"fields": {"tag": 20, "content_type": 18, "object_id": 9}, "model": "taggit.taggeditem", "pk": 280}, {"fields": {"tag": 12, "content_type": 18, "object_id": 9}, "model": "taggit.taggeditem", "pk": 281}, {"fields": {"tag": 2, "content_type": 18, "object_id": 2}, "model": "taggit.taggeditem", "pk": 282}, {"fields": {"tag": 3, "content_type": 18, "object_id": 2}, "model": "taggit.taggeditem", "pk": 283}, {"fields": {"tag": 20, "content_type": 18, "object_id": 2}, "model": "taggit.taggeditem", "pk": 284}, {"fields": {"tag": 7, "content_type": 18, "object_id": 4}, "model": "taggit.taggeditem", "pk": 287}, {"fields": {"tag": 2, "content_type": 16, "object_id": 22}, "model": "taggit.taggeditem", "pk": 294}, {"fields": {"tag": 35, "content_type": 16, "object_id": 22}, "model": "taggit.taggeditem", "pk": 295}, {"fields": {"name": "542c73e2/16f0/467e/9491/f0e2c2996476.jpg", "storage_hash": "f9bde26a1556cd667f742bd34ec7c55e", "modified": "2015-04-14T12:51:45.882Z"}, "model": "easy_thumbnails.source", "pk": 1}, {"fields": {"name": "7e217244/ea28/481a/a88d/8a3527db6177.JPG", "storage_hash": "f9bde26a1556cd667f742bd34ec7c55e", "modified": "2015-04-14T12:51:46.065Z"}, "model": "easy_thumbnails.source", "pk": 2}, {"fields": {"name": "3d5b85b6/0620/437f/b114/ae7614d15a49.jpg", "storage_hash": "f9bde26a1556cd667f742bd34ec7c55e", "modified": "2015-04-14T18:14:04.921Z"}, "model": "easy_thumbnails.source", "pk": 3}, {"fields": {"name": "3886ef63/9caa/4955/b93d/d11008435237.jpg", "storage_hash": "f9bde26a1556cd667f742bd34ec7c55e", "modified": "2015-04-14T12:51:46.205Z"}, "model": "easy_thumbnails.source", "pk": 4}, {"fields": {"name": "9b30d8e4/a032/4106/83aa/b76254d9418b.jpg", "storage_hash": "f9bde26a1556cd667f742bd34ec7c55e", "modified": "2015-04-14T18:14:05.198Z"}, "model": "easy_thumbnails.source", "pk": 5}, {"fields": {"name": "e6061d66/212a/4f28/b656/6f71cc95fb27.jpg", "storage_hash": "f9bde26a1556cd667f742bd34ec7c55e", "modified": "2015-04-14T18:14:05.315Z"}, "model": "easy_thumbnails.source", "pk": 6}, {"fields": {"name": "e9325503/9aaf/40df/b294/157f3548d943.jpg", "storage_hash": "f9bde26a1556cd667f742bd34ec7c55e", "modified": "2015-04-14T18:14:06.095Z"}, "model": "easy_thumbnails.source", "pk": 7}, {"fields": {"name": "44cb8026/d703/4294/a501/b70abf2396f1.jpg", "storage_hash": "f9bde26a1556cd667f742bd34ec7c55e", "modified": "2015-04-14T18:14:05.928Z"}, "model": "easy_thumbnails.source", "pk": 8}, {"fields": {"name": "a4de7a6b/715a/44fd/87ad/c7bbc4862594.gif", "storage_hash": "f9bde26a1556cd667f742bd34ec7c55e", "modified": "2015-04-14T18:14:05.764Z"}, "model": "easy_thumbnails.source", "pk": 9}, {"fields": {"name": "ff9d6350/79c2/4dcc/b58e/ad264701440c.png", "storage_hash": "f9bde26a1556cd667f742bd34ec7c55e", "modified": "2015-04-14T18:14:05.705Z"}, "model": "easy_thumbnails.source", "pk": 10}, {"fields": {"name": "51a04e7a/6519/4608/b969/b7dd071fa81b.png", "storage_hash": "f9bde26a1556cd667f742bd34ec7c55e", "modified": "2015-04-14T18:14:05.403Z"}, "model": "easy_thumbnails.source", "pk": 11}, {"fields": {"name": "b3e28331/c561/4061/a62e/56b4c26152af.png", "storage_hash": "f9bde26a1556cd667f742bd34ec7c55e", "modified": "2015-04-19T17:23:02.524Z"}, "model": "easy_thumbnails.source", "pk": 12}, {"fields": {"name": "44e39a38/c541/4e1d/a93c/63cb08a607e4.jpg", "storage_hash": "f9bde26a1556cd667f742bd34ec7c55e", "modified": "2015-04-20T11:10:10.938Z"}, "model": "easy_thumbnails.source", "pk": 13}, {"fields": {"name": "public/e6/55/e6559de3-2b37-4260-affe-afca9a23ed25/942636_10201386360124353_1021574313_n.jpg", "storage_hash": "52617e6399d6f38ea9cbf527bf430616", "modified": "2016-06-09T22:10:58.394Z"}, "model": "easy_thumbnails.source", "pk": 14}, {"fields": {"name": "public/8b/2d/8b2d6f03-d192-4165-b5a8-883ff3be9118/becommunities.zip", "storage_hash": "52617e6399d6f38ea9cbf527bf430616", "modified": "2016-06-09T01:11:48.137Z"}, "model": "easy_thumbnails.source", "pk": 15}, {"fields": {"name": "public/17/ad/17ad7acc-5c51-4bfb-b237-7857a72f0713/ed70432c6e6d99c7ea277589be18d28a.png", "storage_hash": "52617e6399d6f38ea9cbf527bf430616", "modified": "2016-06-09T01:12:47.635Z"}, "model": "easy_thumbnails.source", "pk": 16}, {"fields": {"name": "public/fa/83/fa8321a9-9150-4c5a-8640-c1d426aaeda1/ed70432c6e6d99c7ea277589be18d28a.png", "storage_hash": "52617e6399d6f38ea9cbf527bf430616", "modified": "2016-06-09T01:14:36.325Z"}, "model": "easy_thumbnails.source", "pk": 17}, {"fields": {"name": "public/93/05/93056e4b-4711-4e63-8874-aa4be522b3df/11140228_1018999698130649_6261310209052369968_n.jpg", "storage_hash": "52617e6399d6f38ea9cbf527bf430616", "modified": "2016-06-09T01:17:21.039Z"}, "model": "easy_thumbnails.source", "pk": 18}, {"fields": {"name": "public/ee/b2/eeb25ea3-3e13-464a-9941-3a00b0a8fe06/shader.jpg", "storage_hash": "52617e6399d6f38ea9cbf527bf430616", "modified": "2016-06-09T01:20:22.324Z"}, "model": "easy_thumbnails.source", "pk": 19}, {"fields": {"name": "public/5d/c4/5dc45dd1-5c2d-42d6-8ec6-3dab2d8b1873/scr-3.jpg", "storage_hash": "52617e6399d6f38ea9cbf527bf430616", "modified": "2016-06-09T01:25:08.040Z"}, "model": "easy_thumbnails.source", "pk": 21}, {"fields": {"name": "public/a9/a3/a9a3de34-6a07-4471-b0c2-c6161348ff0d/thesaurus-html5-scr03.jpg", "storage_hash": "52617e6399d6f38ea9cbf527bf430616", "modified": "2016-06-09T22:03:59.313Z"}, "model": "easy_thumbnails.source", "pk": 22}, {"fields": {"source": 1, "name": "files/542c73e2/16f0/467e/9491/f0e2c2996476.jpg.640x480_q85_crop.jpg", "storage_hash": "d26becbf46ac48eda79c7a39a13a02dd", "modified": "2015-04-14T12:51:45.887Z"}, "model": "easy_thumbnails.thumbnail", "pk": 1}, {"fields": {"source": 2, "name": "files/7e217244/ea28/481a/a88d/8a3527db6177.JPG.640x480_q85_crop.jpg", "storage_hash": "d26becbf46ac48eda79c7a39a13a02dd", "modified": "2015-04-14T12:51:46.070Z"}, "model": "easy_thumbnails.thumbnail", "pk": 2}, {"fields": {"source": 3, "name": "files/3d5b85b6/0620/437f/b114/ae7614d15a49.jpg.320x240_q85_crop.jpg", "storage_hash": "d26becbf46ac48eda79c7a39a13a02dd", "modified": "2015-04-14T12:51:46.125Z"}, "model": "easy_thumbnails.thumbnail", "pk": 3}, {"fields": {"source": 4, "name": "files/3886ef63/9caa/4955/b93d/d11008435237.jpg.320x240_q85_crop.jpg", "storage_hash": "d26becbf46ac48eda79c7a39a13a02dd", "modified": "2015-04-14T12:51:46.208Z"}, "model": "easy_thumbnails.thumbnail", "pk": 4}, {"fields": {"source": 5, "name": "files/9b30d8e4/a032/4106/83aa/b76254d9418b.jpg.320x240_q85_crop.jpg", "storage_hash": "d26becbf46ac48eda79c7a39a13a02dd", "modified": "2015-04-14T12:51:46.393Z"}, "model": "easy_thumbnails.thumbnail", "pk": 5}, {"fields": {"source": 6, "name": "files/e6061d66/212a/4f28/b656/6f71cc95fb27.jpg.320x240_q85_crop.jpg", "storage_hash": "d26becbf46ac48eda79c7a39a13a02dd", "modified": "2015-04-14T12:51:46.479Z"}, "model": "easy_thumbnails.thumbnail", "pk": 6}, {"fields": {"source": 7, "name": "files/e9325503/9aaf/40df/b294/157f3548d943.jpg.320x240_q85_crop.jpg", "storage_hash": "d26becbf46ac48eda79c7a39a13a02dd", "modified": "2015-04-14T12:51:46.585Z"}, "model": "easy_thumbnails.thumbnail", "pk": 7}, {"fields": {"source": 8, "name": "files/44cb8026/d703/4294/a501/b70abf2396f1.jpg.320x240_q85_crop.jpg", "storage_hash": "d26becbf46ac48eda79c7a39a13a02dd", "modified": "2015-04-14T13:00:14.968Z"}, "model": "easy_thumbnails.thumbnail", "pk": 8}, {"fields": {"source": 9, "name": "files/a4de7a6b/715a/44fd/87ad/c7bbc4862594.gif.320x240_q85_crop.jpg", "storage_hash": "d26becbf46ac48eda79c7a39a13a02dd", "modified": "2015-04-14T13:14:15.279Z"}, "model": "easy_thumbnails.thumbnail", "pk": 9}, {"fields": {"source": 10, "name": "files/ff9d6350/79c2/4dcc/b58e/ad264701440c.png.320x240_q85_crop.png", "storage_hash": "d26becbf46ac48eda79c7a39a13a02dd", "modified": "2015-04-14T13:18:54.669Z"}, "model": "easy_thumbnails.thumbnail", "pk": 10}, {"fields": {"source": 11, "name": "files/51a04e7a/6519/4608/b969/b7dd071fa81b.png.320x240_q85_crop.png", "storage_hash": "d26becbf46ac48eda79c7a39a13a02dd", "modified": "2015-04-14T13:25:55.709Z"}, "model": "easy_thumbnails.thumbnail", "pk": 11}, {"fields": {"source": 3, "name": "files/3d5b85b6/0620/437f/b114/ae7614d15a49.jpg.640x480_q85_crop.jpg", "storage_hash": "d26becbf46ac48eda79c7a39a13a02dd", "modified": "2015-04-14T18:14:04.928Z"}, "model": "easy_thumbnails.thumbnail", "pk": 12}, {"fields": {"source": 5, "name": "files/9b30d8e4/a032/4106/83aa/b76254d9418b.jpg.640x480_q85_crop.jpg", "storage_hash": "d26becbf46ac48eda79c7a39a13a02dd", "modified": "2015-04-14T18:14:05.202Z"}, "model": "easy_thumbnails.thumbnail", "pk": 13}, {"fields": {"source": 6, "name": "files/e6061d66/212a/4f28/b656/6f71cc95fb27.jpg.640x480_q85_crop.jpg", "storage_hash": "d26becbf46ac48eda79c7a39a13a02dd", "modified": "2015-04-14T18:14:05.320Z"}, "model": "easy_thumbnails.thumbnail", "pk": 14}, {"fields": {"source": 11, "name": "files/51a04e7a/6519/4608/b969/b7dd071fa81b.png.640x480_q85_crop.png", "storage_hash": "d26becbf46ac48eda79c7a39a13a02dd", "modified": "2015-04-14T18:14:05.407Z"}, "model": "easy_thumbnails.thumbnail", "pk": 15}, {"fields": {"source": 10, "name": "files/ff9d6350/79c2/4dcc/b58e/ad264701440c.png.640x480_q85_crop.png", "storage_hash": "d26becbf46ac48eda79c7a39a13a02dd", "modified": "2015-04-14T18:14:05.716Z"}, "model": "easy_thumbnails.thumbnail", "pk": 16}, {"fields": {"source": 9, "name": "files/a4de7a6b/715a/44fd/87ad/c7bbc4862594.gif.640x480_q85_crop.jpg", "storage_hash": "d26becbf46ac48eda79c7a39a13a02dd", "modified": "2015-04-14T18:14:05.768Z"}, "model": "easy_thumbnails.thumbnail", "pk": 17}, {"fields": {"source": 8, "name": "files/44cb8026/d703/4294/a501/b70abf2396f1.jpg.640x480_q85_crop.jpg", "storage_hash": "d26becbf46ac48eda79c7a39a13a02dd", "modified": "2015-04-14T18:14:05.933Z"}, "model": "easy_thumbnails.thumbnail", "pk": 18}, {"fields": {"source": 7, "name": "files/e9325503/9aaf/40df/b294/157f3548d943.jpg.640x480_q85_crop.jpg", "storage_hash": "d26becbf46ac48eda79c7a39a13a02dd", "modified": "2015-04-14T18:14:06.099Z"}, "model": "easy_thumbnails.thumbnail", "pk": 19}, {"fields": {"source": 12, "name": "files/b3e28331/c561/4061/a62e/56b4c26152af.png.640x480_q85_crop.jpg", "storage_hash": "d26becbf46ac48eda79c7a39a13a02dd", "modified": "2015-04-19T17:23:02.530Z"}, "model": "easy_thumbnails.thumbnail", "pk": 20}, {"fields": {"source": 13, "name": "files/44e39a38/c541/4e1d/a93c/63cb08a607e4.jpg.640x480_q85_crop.jpg", "storage_hash": "d26becbf46ac48eda79c7a39a13a02dd", "modified": "2015-04-20T11:10:10.946Z"}, "model": "easy_thumbnails.thumbnail", "pk": 21}, {"fields": {"source": 14, "name": "filer_public_thumbnails/public/e6/55/e6559de3-2b37-4260-affe-afca9a23ed25/942636_10201386360124353_1021574313_n.jpg__32x32_q85_crop_subsampling-2_upscale.jpg", "storage_hash": "52617e6399d6f38ea9cbf527bf430616", "modified": "2016-06-09T00:27:12.170Z"}, "model": "easy_thumbnails.thumbnail", "pk": 22}, {"fields": {"source": 14, "name": "filer_public_thumbnails/public/e6/55/e6559de3-2b37-4260-affe-afca9a23ed25/942636_10201386360124353_1021574313_n.jpg__64x64_q85_crop_subsampling-2_upscale.jpg", "storage_hash": "52617e6399d6f38ea9cbf527bf430616", "modified": "2016-06-09T00:27:12.390Z"}, "model": "easy_thumbnails.thumbnail", "pk": 23}, {"fields": {"source": 14, "name": "filer_public_thumbnails/public/e6/55/e6559de3-2b37-4260-affe-afca9a23ed25/942636_10201386360124353_1021574313_n.jpg__48x48_q85_crop_subsampling-2_upscale.jpg", "storage_hash": "52617e6399d6f38ea9cbf527bf430616", "modified": "2016-06-09T00:27:12.587Z"}, "model": "easy_thumbnails.thumbnail", "pk": 24}, {"fields": {"source": 14, "name": "filer_public_thumbnails/public/e6/55/e6559de3-2b37-4260-affe-afca9a23ed25/942636_10201386360124353_1021574313_n.jpg__16x16_q85_crop_subsampling-2_upscale.jpg", "storage_hash": "52617e6399d6f38ea9cbf527bf430616", "modified": "2016-06-09T00:27:12.755Z"}, "model": "easy_thumbnails.thumbnail", "pk": 25}, {"fields": {"source": 16, "name": "filer_public_thumbnails/public/17/ad/17ad7acc-5c51-4bfb-b237-7857a72f0713/ed70432c6e6d99c7ea277589be18d28a.png__32x32_q85_crop_subsampling-2_upscale.jpg", "storage_hash": "52617e6399d6f38ea9cbf527bf430616", "modified": "2016-06-09T01:12:47.642Z"}, "model": "easy_thumbnails.thumbnail", "pk": 26}, {"fields": {"source": 16, "name": "filer_public_thumbnails/public/17/ad/17ad7acc-5c51-4bfb-b237-7857a72f0713/ed70432c6e6d99c7ea277589be18d28a.png__64x64_q85_crop_subsampling-2_upscale.jpg", "storage_hash": "52617e6399d6f38ea9cbf527bf430616", "modified": "2016-06-09T01:12:47.732Z"}, "model": "easy_thumbnails.thumbnail", "pk": 27}, {"fields": {"source": 16, "name": "filer_public_thumbnails/public/17/ad/17ad7acc-5c51-4bfb-b237-7857a72f0713/ed70432c6e6d99c7ea277589be18d28a.png__48x48_q85_crop_subsampling-2_upscale.jpg", "storage_hash": "52617e6399d6f38ea9cbf527bf430616", "modified": "2016-06-09T01:12:47.789Z"}, "model": "easy_thumbnails.thumbnail", "pk": 28}, {"fields": {"source": 16, "name": "filer_public_thumbnails/public/17/ad/17ad7acc-5c51-4bfb-b237-7857a72f0713/ed70432c6e6d99c7ea277589be18d28a.png__16x16_q85_crop_subsampling-2_upscale.jpg", "storage_hash": "52617e6399d6f38ea9cbf527bf430616", "modified": "2016-06-09T01:12:47.843Z"}, "model": "easy_thumbnails.thumbnail", "pk": 29}, {"fields": {"source": 17, "name": "filer_public_thumbnails/public/fa/83/fa8321a9-9150-4c5a-8640-c1d426aaeda1/ed70432c6e6d99c7ea277589be18d28a.png__32x32_q85_crop_subsampling-2_upscale.jpg", "storage_hash": "52617e6399d6f38ea9cbf527bf430616", "modified": "2016-06-09T01:14:36.331Z"}, "model": "easy_thumbnails.thumbnail", "pk": 30}, {"fields": {"source": 17, "name": "filer_public_thumbnails/public/fa/83/fa8321a9-9150-4c5a-8640-c1d426aaeda1/ed70432c6e6d99c7ea277589be18d28a.png__64x64_q85_crop_subsampling-2_upscale.jpg", "storage_hash": "52617e6399d6f38ea9cbf527bf430616", "modified": "2016-06-09T01:14:36.460Z"}, "model": "easy_thumbnails.thumbnail", "pk": 31}, {"fields": {"source": 17, "name": "filer_public_thumbnails/public/fa/83/fa8321a9-9150-4c5a-8640-c1d426aaeda1/ed70432c6e6d99c7ea277589be18d28a.png__48x48_q85_crop_subsampling-2_upscale.jpg", "storage_hash": "52617e6399d6f38ea9cbf527bf430616", "modified": "2016-06-09T01:14:36.566Z"}, "model": "easy_thumbnails.thumbnail", "pk": 32}, {"fields": {"source": 17, "name": "filer_public_thumbnails/public/fa/83/fa8321a9-9150-4c5a-8640-c1d426aaeda1/ed70432c6e6d99c7ea277589be18d28a.png__16x16_q85_crop_subsampling-2_upscale.jpg", "storage_hash": "52617e6399d6f38ea9cbf527bf430616", "modified": "2016-06-09T01:14:36.667Z"}, "model": "easy_thumbnails.thumbnail", "pk": 33}, {"fields": {"source": 18, "name": "filer_public_thumbnails/public/93/05/93056e4b-4711-4e63-8874-aa4be522b3df/11140228_1018999698130649_6261310209052369968_n.jpg__32x32_q85_crop_subsampling-2_upscale.jpg", "storage_hash": "52617e6399d6f38ea9cbf527bf430616", "modified": "2016-06-09T01:17:21.042Z"}, "model": "easy_thumbnails.thumbnail", "pk": 34}, {"fields": {"source": 18, "name": "filer_public_thumbnails/public/93/05/93056e4b-4711-4e63-8874-aa4be522b3df/11140228_1018999698130649_6261310209052369968_n.jpg__64x64_q85_crop_subsampling-2_upscale.jpg", "storage_hash": "52617e6399d6f38ea9cbf527bf430616", "modified": "2016-06-09T01:17:21.121Z"}, "model": "easy_thumbnails.thumbnail", "pk": 35}, {"fields": {"source": 18, "name": "filer_public_thumbnails/public/93/05/93056e4b-4711-4e63-8874-aa4be522b3df/11140228_1018999698130649_6261310209052369968_n.jpg__48x48_q85_crop_subsampling-2_upscale.jpg", "storage_hash": "52617e6399d6f38ea9cbf527bf430616", "modified": "2016-06-09T01:17:21.185Z"}, "model": "easy_thumbnails.thumbnail", "pk": 36}, {"fields": {"source": 18, "name": "filer_public_thumbnails/public/93/05/93056e4b-4711-4e63-8874-aa4be522b3df/11140228_1018999698130649_6261310209052369968_n.jpg__16x16_q85_crop_subsampling-2_upscale.jpg", "storage_hash": "52617e6399d6f38ea9cbf527bf430616", "modified": "2016-06-09T01:17:21.267Z"}, "model": "easy_thumbnails.thumbnail", "pk": 37}, {"fields": {"source": 19, "name": "filer_public_thumbnails/public/ee/b2/eeb25ea3-3e13-464a-9941-3a00b0a8fe06/shader.jpg__32x32_q85_crop_subsampling-2_upscale.jpg", "storage_hash": "52617e6399d6f38ea9cbf527bf430616", "modified": "2016-06-09T01:20:22.368Z"}, "model": "easy_thumbnails.thumbnail", "pk": 38}, {"fields": {"source": 21, "name": "filer_public_thumbnails/public/5d/c4/5dc45dd1-5c2d-42d6-8ec6-3dab2d8b1873/scr-3.jpg__32x32_q85_crop_subsampling-2_upscale.jpg", "storage_hash": "52617e6399d6f38ea9cbf527bf430616", "modified": "2016-06-09T01:25:08.076Z"}, "model": "easy_thumbnails.thumbnail", "pk": 43}, {"fields": {"source": 21, "name": "filer_public_thumbnails/public/5d/c4/5dc45dd1-5c2d-42d6-8ec6-3dab2d8b1873/scr-3.jpg__64x64_q85_crop_subsampling-2_upscale.jpg", "storage_hash": "52617e6399d6f38ea9cbf527bf430616", "modified": "2016-06-09T01:25:08.287Z"}, "model": "easy_thumbnails.thumbnail", "pk": 44}, {"fields": {"source": 21, "name": "filer_public_thumbnails/public/5d/c4/5dc45dd1-5c2d-42d6-8ec6-3dab2d8b1873/scr-3.jpg__48x48_q85_crop_subsampling-2_upscale.jpg", "storage_hash": "52617e6399d6f38ea9cbf527bf430616", "modified": "2016-06-09T01:25:08.727Z"}, "model": "easy_thumbnails.thumbnail", "pk": 45}, {"fields": {"source": 21, "name": "filer_public_thumbnails/public/5d/c4/5dc45dd1-5c2d-42d6-8ec6-3dab2d8b1873/scr-3.jpg__16x16_q85_crop_subsampling-2_upscale.jpg", "storage_hash": "52617e6399d6f38ea9cbf527bf430616", "modified": "2016-06-09T01:25:09.820Z"}, "model": "easy_thumbnails.thumbnail", "pk": 46}, {"fields": {"source": 22, "name": "filer_public_thumbnails/public/a9/a3/a9a3de34-6a07-4471-b0c2-c6161348ff0d/thesaurus-html5-scr03.jpg__32x32_q85_crop_subsampling-2_upscale.jpg", "storage_hash": "52617e6399d6f38ea9cbf527bf430616", "modified": "2016-06-09T22:03:59.317Z"}, "model": "easy_thumbnails.thumbnail", "pk": 47}, {"fields": {"source": 22, "name": "filer_public_thumbnails/public/a9/a3/a9a3de34-6a07-4471-b0c2-c6161348ff0d/thesaurus-html5-scr03.jpg__64x64_q85_crop_subsampling-2_upscale.jpg", "storage_hash": "52617e6399d6f38ea9cbf527bf430616", "modified": "2016-06-09T22:03:59.470Z"}, "model": "easy_thumbnails.thumbnail", "pk": 48}, {"fields": {"source": 22, "name": "filer_public_thumbnails/public/a9/a3/a9a3de34-6a07-4471-b0c2-c6161348ff0d/thesaurus-html5-scr03.jpg__48x48_q85_crop_subsampling-2_upscale.jpg", "storage_hash": "52617e6399d6f38ea9cbf527bf430616", "modified": "2016-06-09T22:03:59.598Z"}, "model": "easy_thumbnails.thumbnail", "pk": 49}, {"fields": {"source": 22, "name": "filer_public_thumbnails/public/a9/a3/a9a3de34-6a07-4471-b0c2-c6161348ff0d/thesaurus-html5-scr03.jpg__16x16_q85_crop_subsampling-2_upscale.jpg", "storage_hash": "52617e6399d6f38ea9cbf527bf430616", "modified": "2016-06-09T22:03:59.712Z"}, "model": "easy_thumbnails.thumbnail", "pk": 50}, {"fields": {"source": 14, "name": "filer_public_thumbnails/public/e6/55/e6559de3-2b37-4260-affe-afca9a23ed25/942636_10201386360124353_1021574313_n.jpg__210x10000_q85_subsampling-2.jpg", "storage_hash": "52617e6399d6f38ea9cbf527bf430616", "modified": "2016-06-09T22:10:58.402Z"}, "model": "easy_thumbnails.thumbnail", "pk": 51}, {"fields": {"updated": "2015-03-31T11:38:50.644Z", "uuid": "2de7d3b7-2fa0-4bf0-ab24-3fba63e2cdf0", "file": "2de7d3b7/2fa0/4bf0/ab24/3fba63e2cdf0.jpg", "created": "2015-03-31T11:38:50.641Z"}, "model": "fileupload.file", "pk": 1}, {"fields": {"updated": "2015-03-31T11:41:21.216Z", "uuid": "2378d3cc-a026-4bb4-a28a-d8604b2f0e3d", "file": "2378d3cc/a026/4bb4/a28a/d8604b2f0e3d.mp4", "created": "2015-03-31T11:41:21.214Z"}, "model": "fileupload.file", "pk": 2}, {"fields": {"updated": "2015-03-31T11:41:40.769Z", "uuid": "951b90d4-ba25-4f06-ade7-9ec939c7aadc", "file": "951b90d4/ba25/4f06/ade7/9ec939c7aadc.mp4", "created": "2015-03-31T11:41:40.767Z"}, "model": "fileupload.file", "pk": 3}, {"fields": {"updated": "2015-03-31T11:48:10.248Z", "uuid": "542c73e2-16f0-467e-9491-f0e2c2996476", "file": "542c73e2/16f0/467e/9491/f0e2c2996476.jpg", "created": "2015-03-31T11:48:10.246Z"}, "model": "fileupload.file", "pk": 4}, {"fields": {"updated": "2015-04-07T16:57:24.734Z", "uuid": "4e40777f-3f30-41f9-9f14-900caa583bee", "file": "4e40777f/3f30/41f9/9f14/900caa583bee.png", "created": "2015-04-07T16:57:24.733Z"}, "model": "fileupload.file", "pk": 5}, {"fields": {"updated": "2015-04-13T17:02:08.559Z", "uuid": "2cb1ab69-8a7b-41cd-8fab-cb7b7b058f6b", "file": "2cb1ab69/8a7b/41cd/8fab/cb7b7b058f6b.jpg", "created": "2015-04-13T16:57:47.315Z"}, "model": "fileupload.file", "pk": 6}, {"fields": {"updated": "2015-04-13T17:03:57.128Z", "uuid": "e1a58b42-d3b7-489a-8229-93a4b4e8cf5c", "file": "e1a58b42/d3b7/489a/8229/93a4b4e8cf5c.jpg", "created": "2015-04-13T17:03:57.127Z"}, "model": "fileupload.file", "pk": 7}, {"fields": {"updated": "2015-04-13T17:14:35.355Z", "uuid": "59af1d38-7e62-4a90-8278-81905aa5328d", "file": "59af1d38/7e62/4a90/8278/81905aa5328d.jpg", "created": "2015-04-13T17:14:35.354Z"}, "model": "fileupload.file", "pk": 8}, {"fields": {"updated": "2015-04-13T17:14:54.215Z", "uuid": "9fff7598-0271-4b32-a7c5-0d1484cfc381", "file": "9fff7598/0271/4b32/a7c5/0d1484cfc381.JPG", "created": "2015-04-13T17:14:54.213Z"}, "model": "fileupload.file", "pk": 9}, {"fields": {"updated": "2015-04-13T17:15:03.094Z", "uuid": "727104e9-abc1-409b-aa43-4992de5c8792", "file": "727104e9/abc1/409b/aa43/4992de5c8792.JPG", "created": "2015-04-13T17:15:03.092Z"}, "model": "fileupload.file", "pk": 10}, {"fields": {"updated": "2015-04-13T17:15:14.186Z", "uuid": "52a6503c-df13-4856-8383-794aeabbaebe", "file": "52a6503c/df13/4856/8383/794aeabbaebe.jpg", "created": "2015-04-13T17:15:14.184Z"}, "model": "fileupload.file", "pk": 11}, {"fields": {"updated": "2015-04-13T17:15:27.189Z", "uuid": "f10d696e-6d7d-4100-a9d1-8a976c115d6b", "file": "f10d696e/6d7d/4100/a9d1/8a976c115d6b.JPG", "created": "2015-04-13T17:15:27.187Z"}, "model": "fileupload.file", "pk": 12}, {"fields": {"updated": "2015-04-13T17:15:37.535Z", "uuid": "db89fbdd-b107-4b22-8c5f-9f0baf5142ca", "file": "db89fbdd/b107/4b22/8c5f/9f0baf5142ca.jpg", "created": "2015-04-13T17:15:37.533Z"}, "model": "fileupload.file", "pk": 13}, {"fields": {"updated": "2015-04-13T17:15:54.420Z", "uuid": "b5e02434-31fb-4797-8413-bb19750e34a9", "file": "b5e02434/31fb/4797/8413/bb19750e34a9.jpg", "created": "2015-04-13T17:15:54.419Z"}, "model": "fileupload.file", "pk": 14}, {"fields": {"updated": "2015-04-13T17:17:09.171Z", "uuid": "7dd29480-f863-4305-9143-e6f8854b76c9", "file": "7dd29480/f863/4305/9143/e6f8854b76c9.JPG", "created": "2015-04-13T17:17:09.170Z"}, "model": "fileupload.file", "pk": 15}, {"fields": {"updated": "2015-04-13T17:17:40.581Z", "uuid": "a9d900eb-a56b-4b06-aa64-0673c12318ea", "file": "a9d900eb/a56b/4b06/aa64/0673c12318ea.JPG", "created": "2015-04-13T17:17:40.580Z"}, "model": "fileupload.file", "pk": 16}, {"fields": {"updated": "2015-04-13T17:17:49.710Z", "uuid": "7e217244-ea28-481a-a88d-8a3527db6177", "file": "7e217244/ea28/481a/a88d/8a3527db6177.JPG", "created": "2015-04-13T17:17:49.708Z"}, "model": "fileupload.file", "pk": 17}, {"fields": {"updated": "2015-04-13T17:29:03.736Z", "uuid": "070c8a35-31ec-40c6-98b2-9aa791cf7ae9", "file": "070c8a35/31ec/40c6/98b2/9aa791cf7ae9.jpg", "created": "2015-04-13T17:29:03.735Z"}, "model": "fileupload.file", "pk": 18}, {"fields": {"updated": "2015-04-13T18:03:47.024Z", "uuid": "f2e405d8-05cf-414f-916c-9e5c4bc8ad8f", "file": "f2e405d8/05cf/414f/916c/9e5c4bc8ad8f.JPG", "created": "2015-04-13T18:03:47.022Z"}, "model": "fileupload.file", "pk": 19}, {"fields": {"updated": "2015-04-13T18:03:52.423Z", "uuid": "e710effa-634d-4611-9362-026afe7c3997", "file": "e710effa/634d/4611/9362/026afe7c3997.JPG", "created": "2015-04-13T18:03:52.421Z"}, "model": "fileupload.file", "pk": 20}, {"fields": {"updated": "2015-04-13T18:03:57.514Z", "uuid": "10e38cc3-d106-4b0f-a9d4-73b2794c9102", "file": "10e38cc3/d106/4b0f/a9d4/73b2794c9102.jpg", "created": "2015-04-13T18:03:57.512Z"}, "model": "fileupload.file", "pk": 21}, {"fields": {"updated": "2015-04-13T18:04:03.816Z", "uuid": "e6061d66-212a-4f28-b656-6f71cc95fb27", "file": "e6061d66/212a/4f28/b656/6f71cc95fb27.jpg", "created": "2015-04-13T18:04:03.814Z"}, "model": "fileupload.file", "pk": 22}, {"fields": {"updated": "2015-04-13T18:04:10.175Z", "uuid": "c4e075d6-41b4-4ac3-9e0d-d78cc64eb44c", "file": "c4e075d6/41b4/4ac3/9e0d/d78cc64eb44c.jpg", "created": "2015-04-13T18:04:10.174Z"}, "model": "fileupload.file", "pk": 23}, {"fields": {"updated": "2015-04-13T18:04:15.544Z", "uuid": "754076a3-842f-44d8-bcb3-a6e8bfbabdf0", "file": "754076a3/842f/44d8/bcb3/a6e8bfbabdf0.jpg", "created": "2015-04-13T18:04:15.543Z"}, "model": "fileupload.file", "pk": 24}, {"fields": {"updated": "2015-04-13T18:06:57.896Z", "uuid": "d15698ca-73ff-488e-87a9-b13d8455fe51", "file": "d15698ca/73ff/488e/87a9/b13d8455fe51.JPG", "created": "2015-04-13T18:06:57.894Z"}, "model": "fileupload.file", "pk": 25}, {"fields": {"updated": "2015-04-13T18:07:07.273Z", "uuid": "9b30d8e4-a032-4106-83aa-b76254d9418b", "file": "9b30d8e4/a032/4106/83aa/b76254d9418b.jpg", "created": "2015-04-13T18:07:07.271Z"}, "model": "fileupload.file", "pk": 26}, {"fields": {"updated": "2015-04-13T18:07:12.789Z", "uuid": "0cac8581-e218-4515-9c87-3bc3a7ac2b8d", "file": "0cac8581/e218/4515/9c87/3bc3a7ac2b8d.jpg", "created": "2015-04-13T18:07:12.787Z"}, "model": "fileupload.file", "pk": 27}, {"fields": {"updated": "2015-04-13T18:07:19.913Z", "uuid": "b965e07c-49cb-4445-980c-fc47de05c53d", "file": "b965e07c/49cb/4445/980c/fc47de05c53d.jpg", "created": "2015-04-13T18:07:19.911Z"}, "model": "fileupload.file", "pk": 28}, {"fields": {"updated": "2015-04-13T18:07:26.409Z", "uuid": "c0642b9a-ecb6-46e6-a102-98be0d34ed47", "file": "c0642b9a/ecb6/46e6/a102/98be0d34ed47.jpg", "created": "2015-04-13T18:07:26.407Z"}, "model": "fileupload.file", "pk": 29}, {"fields": {"updated": "2015-04-13T18:09:19.627Z", "uuid": "c4cad098-cedc-4631-84c2-6c4efb6e7143", "file": "c4cad098/cedc/4631/84c2/6c4efb6e7143.jpg", "created": "2015-04-13T18:09:19.625Z"}, "model": "fileupload.file", "pk": 36}, {"fields": {"updated": "2015-04-13T18:09:24.413Z", "uuid": "e134ca2e-9d27-4024-b2e0-914738e7c9c4", "file": "e134ca2e/9d27/4024/b2e0/914738e7c9c4.jpg", "created": "2015-04-13T18:09:24.411Z"}, "model": "fileupload.file", "pk": 37}, {"fields": {"updated": "2015-04-13T18:09:31.182Z", "uuid": "3d5b85b6-0620-437f-b114-ae7614d15a49", "file": "3d5b85b6/0620/437f/b114/ae7614d15a49.jpg", "created": "2015-04-13T18:09:31.180Z"}, "model": "fileupload.file", "pk": 38}, {"fields": {"updated": "2015-04-13T18:09:35.364Z", "uuid": "163d5975-fd57-4ce8-a572-4739254cbc34", "file": "163d5975/fd57/4ce8/a572/4739254cbc34.jpg", "created": "2015-04-13T18:09:35.363Z"}, "model": "fileupload.file", "pk": 39}, {"fields": {"updated": "2015-04-13T18:09:39.761Z", "uuid": "ba9e53e4-c143-4757-a63e-a3336ffe8628", "file": "ba9e53e4/c143/4757/a63e/a3336ffe8628.jpg", "created": "2015-04-13T18:09:39.759Z"}, "model": "fileupload.file", "pk": 40}, {"fields": {"updated": "2015-04-13T18:09:45.687Z", "uuid": "35ee8cd7-ca0d-4a53-a398-6912f355f420", "file": "35ee8cd7/ca0d/4a53/a398/6912f355f420.gif", "created": "2015-04-13T18:09:45.686Z"}, "model": "fileupload.file", "pk": 41}, {"fields": {"updated": "2015-04-13T18:10:48.403Z", "uuid": "66b86549-8cf2-4863-a2c1-2bf04c9d4d3e", "file": "66b86549/8cf2/4863/a2c1/2bf04c9d4d3e.jpg", "created": "2015-04-13T18:10:48.402Z"}, "model": "fileupload.file", "pk": 42}, {"fields": {"updated": "2015-04-13T19:55:50.577Z", "uuid": "3886ef63-9caa-4955-b93d-d11008435237", "file": "3886ef63/9caa/4955/b93d/d11008435237.jpg", "created": "2015-04-13T19:55:50.576Z"}, "model": "fileupload.file", "pk": 43}, {"fields": {"updated": "2015-04-13T20:18:17.423Z", "uuid": "e22ae2c3-5f75-40fc-b95d-4b699b13811e", "file": "e22ae2c3/5f75/40fc/b95d/4b699b13811e.jpg", "created": "2015-04-13T20:18:17.422Z"}, "model": "fileupload.file", "pk": 44}, {"fields": {"updated": "2015-04-13T20:22:27.173Z", "uuid": "a4de7a6b-715a-44fd-87ad-c7bbc4862594", "file": "a4de7a6b/715a/44fd/87ad/c7bbc4862594.gif", "created": "2015-04-13T20:22:27.172Z"}, "model": "fileupload.file", "pk": 45}, {"fields": {"updated": "2015-04-14T11:35:15.899Z", "uuid": "e9325503-9aaf-40df-b294-157f3548d943", "file": "e9325503/9aaf/40df/b294/157f3548d943.jpg", "created": "2015-04-14T11:35:15.897Z"}, "model": "fileupload.file", "pk": 46}, {"fields": {"updated": "2015-04-14T11:35:30.260Z", "uuid": "f9189715-1ee4-4b4b-af15-83ebbe6072b6", "file": "f9189715/1ee4/4b4b/af15/83ebbe6072b6.jpg", "created": "2015-04-14T11:35:30.258Z"}, "model": "fileupload.file", "pk": 47}, {"fields": {"updated": "2015-04-14T11:35:48.363Z", "uuid": "7bb6c221-15bb-46e2-8d20-60a697f6d15a", "file": "7bb6c221/15bb/46e2/8d20/60a697f6d15a.jpg", "created": "2015-04-14T11:35:48.362Z"}, "model": "fileupload.file", "pk": 48}, {"fields": {"updated": "2015-04-14T12:58:29.076Z", "uuid": "44cb8026-d703-4294-a501-b70abf2396f1", "file": "44cb8026/d703/4294/a501/b70abf2396f1.jpg", "created": "2015-04-14T12:58:29.074Z"}, "model": "fileupload.file", "pk": 49}, {"fields": {"updated": "2015-04-14T13:18:50.465Z", "uuid": "ff9d6350-79c2-4dcc-b58e-ad264701440c", "file": "ff9d6350/79c2/4dcc/b58e/ad264701440c.png", "created": "2015-04-14T13:18:50.463Z"}, "model": "fileupload.file", "pk": 50}, {"fields": {"updated": "2015-04-14T13:25:51.168Z", "uuid": "51a04e7a-6519-4608-b969-b7dd071fa81b", "file": "51a04e7a/6519/4608/b969/b7dd071fa81b.png", "created": "2015-04-14T13:25:51.166Z"}, "model": "fileupload.file", "pk": 51}, {"fields": {"updated": "2015-04-17T19:54:25.651Z", "uuid": "d8ee07d8-4485-4174-a389-40bbd273ad44", "file": "d8ee07d8/4485/4174/a389/40bbd273ad44.jpg", "created": "2015-04-17T19:54:25.644Z"}, "model": "fileupload.file", "pk": 52}, {"fields": {"updated": "2015-04-17T19:54:30.378Z", "uuid": "c6ff8037-9040-4cff-8e6c-09b03ad3ff93", "file": "c6ff8037/9040/4cff/8e6c/09b03ad3ff93.jpg", "created": "2015-04-17T19:54:30.376Z"}, "model": "fileupload.file", "pk": 53}, {"fields": {"updated": "2015-04-17T19:54:34.889Z", "uuid": "2aa85210-5c1e-43b6-ae76-e50a659775a5", "file": "2aa85210/5c1e/43b6/ae76/e50a659775a5.jpg", "created": "2015-04-17T19:54:34.887Z"}, "model": "fileupload.file", "pk": 54}, {"fields": {"updated": "2015-04-17T19:54:46.438Z", "uuid": "0f4b8c22-e9c8-4df4-a24c-47d979e1529b", "file": "0f4b8c22/e9c8/4df4/a24c/47d979e1529b.jpg", "created": "2015-04-17T19:54:46.436Z"}, "model": "fileupload.file", "pk": 55}, {"fields": {"updated": "2015-04-17T19:54:51.301Z", "uuid": "c52d5f8e-33f8-44e4-96fc-57077ef4a7ce", "file": "c52d5f8e/33f8/44e4/96fc/57077ef4a7ce.jpg", "created": "2015-04-17T19:54:51.299Z"}, "model": "fileupload.file", "pk": 56}, {"fields": {"updated": "2015-04-17T19:54:55.174Z", "uuid": "3a717f80-31b9-41b3-8641-ebf2acffce16", "file": "3a717f80/31b9/41b3/8641/ebf2acffce16.jpg", "created": "2015-04-17T19:54:55.173Z"}, "model": "fileupload.file", "pk": 57}, {"fields": {"updated": "2015-04-17T19:55:00.065Z", "uuid": "54de18b6-29bc-4678-aadd-d27849ca95e1", "file": "54de18b6/29bc/4678/aadd/d27849ca95e1.jpg", "created": "2015-04-17T19:55:00.063Z"}, "model": "fileupload.file", "pk": 58}, {"fields": {"updated": "2015-04-17T19:55:06.757Z", "uuid": "2c46900f-39a9-42f7-9572-839ab9ceb9a4", "file": "2c46900f/39a9/42f7/9572/839ab9ceb9a4.jpg", "created": "2015-04-17T19:55:06.756Z"}, "model": "fileupload.file", "pk": 59}, {"fields": {"updated": "2015-04-17T20:05:51.003Z", "uuid": "bf80bd10-b671-468f-a06f-1de7186463dd", "file": "bf80bd10/b671/468f/a06f/1de7186463dd.png", "created": "2015-04-17T20:05:51.001Z"}, "model": "fileupload.file", "pk": 60}, {"fields": {"updated": "2015-04-17T20:06:36.485Z", "uuid": "94452682-b9e8-46c9-b0eb-c1902e70fd3f", "file": "94452682/b9e8/46c9/b0eb/c1902e70fd3f.png", "created": "2015-04-17T20:06:36.484Z"}, "model": "fileupload.file", "pk": 61}, {"fields": {"updated": "2015-04-17T20:23:54.892Z", "uuid": "2a90e1fc-0f7d-45dd-831d-7594b439cb7a", "file": "2a90e1fc/0f7d/45dd/831d/7594b439cb7a.png", "created": "2015-04-17T20:23:54.890Z"}, "model": "fileupload.file", "pk": 62}, {"fields": {"updated": "2015-04-17T21:06:33.019Z", "uuid": "fa39d656-223c-4414-8d6a-9f91b9df58df", "file": "fa39d656/223c/4414/8d6a/9f91b9df58df.JPG", "created": "2015-04-17T21:06:33.017Z"}, "model": "fileupload.file", "pk": 63}, {"fields": {"updated": "2015-04-17T21:06:40.408Z", "uuid": "faef87eb-e6dc-499a-88a3-c500f9d1ff78", "file": "faef87eb/e6dc/499a/88a3/c500f9d1ff78.jpg", "created": "2015-04-17T21:06:40.406Z"}, "model": "fileupload.file", "pk": 64}, {"fields": {"updated": "2015-04-17T21:06:49.361Z", "uuid": "41d54f9e-f7f8-49fa-bb09-362575dc4265", "file": "41d54f9e/f7f8/49fa/bb09/362575dc4265.jpg", "created": "2015-04-17T21:06:49.359Z"}, "model": "fileupload.file", "pk": 65}, {"fields": {"updated": "2015-04-17T21:26:44.028Z", "uuid": "bcd7e5b5-a155-40ef-aea6-33a9ed0d557d", "file": "bcd7e5b5/a155/40ef/aea6/33a9ed0d557d.jpg", "created": "2015-04-17T21:26:44.027Z"}, "model": "fileupload.file", "pk": 66}, {"fields": {"updated": "2015-04-17T21:41:01.943Z", "uuid": "8db437e1-fbaa-4d3b-a8fa-5e2054bd4a93", "file": "8db437e1/fbaa/4d3b/a8fa/5e2054bd4a93.gif", "created": "2015-04-17T21:41:01.941Z"}, "model": "fileupload.file", "pk": 67}, {"fields": {"updated": "2015-04-17T22:31:33.821Z", "uuid": "c9cfe3d4-4a04-4c92-900c-9ae6740a1ad0", "file": "c9cfe3d4/4a04/4c92/900c/9ae6740a1ad0.jpg", "created": "2015-04-17T22:31:33.819Z"}, "model": "fileupload.file", "pk": 68}, {"fields": {"updated": "2015-04-17T22:55:30.078Z", "uuid": "350eb610-3e1c-4a0f-a407-4d129bb72036", "file": "350eb610/3e1c/4a0f/a407/4d129bb72036.PNG", "created": "2015-04-17T22:55:30.077Z"}, "model": "fileupload.file", "pk": 69}, {"fields": {"updated": "2015-04-17T22:58:31.740Z", "uuid": "30ed2757-406b-40e8-bee6-d82df6a923fa", "file": "30ed2757/406b/40e8/bee6/d82df6a923fa.jpg", "created": "2015-04-17T22:58:31.740Z"}, "model": "fileupload.file", "pk": 70}, {"fields": {"updated": "2015-04-17T22:58:49.242Z", "uuid": "bc8f0c55-fe3b-46d8-8517-6410815fed87", "file": "bc8f0c55/fe3b/46d8/8517/6410815fed87.jpg", "created": "2015-04-17T22:58:49.242Z"}, "model": "fileupload.file", "pk": 71}, {"fields": {"updated": "2015-04-17T22:59:00.574Z", "uuid": "2e6aeaab-92c4-4ba0-b2b9-4ee3a7790e5d", "file": "2e6aeaab/92c4/4ba0/b2b9/4ee3a7790e5d.jpg", "created": "2015-04-17T22:59:00.573Z"}, "model": "fileupload.file", "pk": 72}, {"fields": {"updated": "2015-04-17T22:59:13.065Z", "uuid": "363da548-77e6-4e6c-8aa9-47c873fe3928", "file": "363da548/77e6/4e6c/8aa9/47c873fe3928.jpg", "created": "2015-04-17T22:59:13.064Z"}, "model": "fileupload.file", "pk": 73}, {"fields": {"updated": "2015-04-17T22:59:36.455Z", "uuid": "a807f12d-998b-49eb-b512-449bd72a0657", "file": "a807f12d/998b/49eb/b512/449bd72a0657.jpg", "created": "2015-04-17T22:59:36.454Z"}, "model": "fileupload.file", "pk": 74}, {"fields": {"updated": "2015-04-17T22:59:57.733Z", "uuid": "7f82da4b-b38b-4e48-93ac-1e3ddfc2e827", "file": "7f82da4b/b38b/4e48/93ac/1e3ddfc2e827.jpg", "created": "2015-04-17T22:59:57.732Z"}, "model": "fileupload.file", "pk": 75}, {"fields": {"updated": "2015-04-18T20:43:48.824Z", "uuid": "965d6a73-e65e-48ea-ae2f-58621c241e2a", "file": "965d6a73/e65e/48ea/ae2f/58621c241e2a.jpg", "created": "2015-04-18T20:43:48.823Z"}, "model": "fileupload.file", "pk": 76}, {"fields": {"updated": "2015-04-19T17:19:38.323Z", "uuid": "b3e28331-c561-4061-a62e-56b4c26152af", "file": "b3e28331/c561/4061/a62e/56b4c26152af.png", "created": "2015-04-19T17:19:38.315Z"}, "model": "fileupload.file", "pk": 77}, {"fields": {"updated": "2015-04-20T11:10:02.860Z", "uuid": "44e39a38-c541-4e1d-a93c-63cb08a607e4", "file": "44e39a38/c541/4e1d/a93c/63cb08a607e4.jpg", "created": "2015-04-20T11:10:02.859Z"}, "model": "fileupload.file", "pk": 78}, {"fields": {"updated": "2015-06-19T20:56:12.595Z", "uuid": "803966bc-8a80-4a62-856d-c6735467f44e", "file": "803966bc/8a80/4a62/856d/c6735467f44e.png", "created": "2015-06-19T20:56:12.585Z"}, "model": "fileupload.file", "pk": 79}, {"fields": {"updated": "2016-06-09T22:06:49.057Z", "uuid": "e14a7b6b-8bd6-4421-92ac-0288978c4a4f", "file": "e14a7b6b/8bd6/4421/92ac/0288978c4a4f.jpg", "created": "2016-06-09T22:06:49.054Z"}, "model": "fileupload.file", "pk": 80}, {"fields": {"updated": "2016-06-09T22:07:25.879Z", "uuid": "2337d5ef-4e2e-41dd-90d7-4e181e4b0eb2", "file": "2337d5ef/4e2e/41dd/90d7/4e181e4b0eb2.jpg", "created": "2016-06-09T22:07:25.878Z"}, "model": "fileupload.file", "pk": 81}, {"fields": {"updated": "2016-08-15T13:29:22.683Z", "uuid": "ca8b3438-0303-43af-b25f-32bb94c6e129", "file": "ca8b3438/0303/43af/b25f/32bb94c6e129.png", "created": "2016-08-15T13:29:22.678Z"}, "model": "fileupload.file", "pk": 82}, {"fields": {"updated": "2016-08-15T13:31:49.209Z", "uuid": "e871e306-3000-41fb-bdc6-18cdcac0a2cf", "file": "e871e306/3000/41fb/bdc6/18cdcac0a2cf.png", "created": "2016-08-15T13:31:49.200Z"}, "model": "fileupload.file", "pk": 83}, {"fields": {"updated": "2016-08-15T13:33:15.553Z", "uuid": "81e2113f-73b2-4693-8da1-cc728f91b248", "file": "81e2113f/73b2/4693/8da1/cc728f91b248.png", "created": "2016-08-15T13:33:15.545Z"}, "model": "fileupload.file", "pk": 84}, {"fields": {"updated": "2016-08-15T13:33:59.186Z", "uuid": "18066d06-c118-4f1e-89f6-fa3dc24a5647", "file": "18066d06/c118/4f1e/89f6/fa3dc24a5647.png", "created": "2016-08-15T13:33:59.183Z"}, "model": "fileupload.file", "pk": 85}, {"fields": {"updated": "2017-01-06T21:25:02.598Z", "uuid": "67fe7513-d762-4d54-b189-14e7933555ac", "file": "67fe7513/d762/4d54/b189/14e7933555ac.jpg", "created": "2017-01-06T21:25:02.595Z"}, "model": "fileupload.file", "pk": 86}, {"fields": {"updated": "2017-06-26T12:34:16.360Z", "uuid": "18d83bd2-200c-444e-a86a-602cbf0a900d", "file": "18d83bd2/200c/444e/a86a/602cbf0a900d.jpg", "created": "2017-06-26T12:34:16.356Z"}, "model": "fileupload.file", "pk": 87}, {"fields": {"updated": "2015-03-31T11:38:50.644Z", "uuid": "2de7d3b7-2fa0-4bf0-ab24-3fba63e2cdf0", "file": "2de7d3b7/2fa0/4bf0/ab24/3fba63e2cdf0.jpg", "created": "2015-03-31T11:38:50.641Z"}, "model": "uploader.file", "pk": 1}, {"fields": {"updated": "2015-03-31T11:41:21.216Z", "uuid": "2378d3cc-a026-4bb4-a28a-d8604b2f0e3d", "file": "2378d3cc/a026/4bb4/a28a/d8604b2f0e3d.mp4", "created": "2015-03-31T11:41:21.214Z"}, "model": "uploader.file", "pk": 2}, {"fields": {"updated": "2015-03-31T11:41:40.769Z", "uuid": "951b90d4-ba25-4f06-ade7-9ec939c7aadc", "file": "951b90d4/ba25/4f06/ade7/9ec939c7aadc.mp4", "created": "2015-03-31T11:41:40.767Z"}, "model": "uploader.file", "pk": 3}, {"fields": {"updated": "2015-03-31T11:48:10.248Z", "uuid": "542c73e2-16f0-467e-9491-f0e2c2996476", "file": "542c73e2/16f0/467e/9491/f0e2c2996476.jpg", "created": "2015-03-31T11:48:10.246Z"}, "model": "uploader.file", "pk": 4}, {"fields": {"updated": "2015-04-07T16:57:24.734Z", "uuid": "4e40777f-3f30-41f9-9f14-900caa583bee", "file": "4e40777f/3f30/41f9/9f14/900caa583bee.png", "created": "2015-04-07T16:57:24.733Z"}, "model": "uploader.file", "pk": 5}, {"fields": {"updated": "2015-04-13T17:02:08.559Z", "uuid": "2cb1ab69-8a7b-41cd-8fab-cb7b7b058f6b", "file": "2cb1ab69/8a7b/41cd/8fab/cb7b7b058f6b.jpg", "created": "2015-04-13T16:57:47.315Z"}, "model": "uploader.file", "pk": 6}, {"fields": {"updated": "2015-04-13T17:03:57.128Z", "uuid": "e1a58b42-d3b7-489a-8229-93a4b4e8cf5c", "file": "e1a58b42/d3b7/489a/8229/93a4b4e8cf5c.jpg", "created": "2015-04-13T17:03:57.127Z"}, "model": "uploader.file", "pk": 7}, {"fields": {"updated": "2015-04-13T17:14:35.355Z", "uuid": "59af1d38-7e62-4a90-8278-81905aa5328d", "file": "59af1d38/7e62/4a90/8278/81905aa5328d.jpg", "created": "2015-04-13T17:14:35.354Z"}, "model": "uploader.file", "pk": 8}, {"fields": {"updated": "2015-04-13T17:14:54.215Z", "uuid": "9fff7598-0271-4b32-a7c5-0d1484cfc381", "file": "9fff7598/0271/4b32/a7c5/0d1484cfc381.JPG", "created": "2015-04-13T17:14:54.213Z"}, "model": "uploader.file", "pk": 9}, {"fields": {"updated": "2015-04-13T17:15:03.094Z", "uuid": "727104e9-abc1-409b-aa43-4992de5c8792", "file": "727104e9/abc1/409b/aa43/4992de5c8792.JPG", "created": "2015-04-13T17:15:03.092Z"}, "model": "uploader.file", "pk": 10}, {"fields": {"updated": "2015-04-13T17:15:14.186Z", "uuid": "52a6503c-df13-4856-8383-794aeabbaebe", "file": "52a6503c/df13/4856/8383/794aeabbaebe.jpg", "created": "2015-04-13T17:15:14.184Z"}, "model": "uploader.file", "pk": 11}, {"fields": {"updated": "2015-04-13T17:15:27.189Z", "uuid": "f10d696e-6d7d-4100-a9d1-8a976c115d6b", "file": "f10d696e/6d7d/4100/a9d1/8a976c115d6b.JPG", "created": "2015-04-13T17:15:27.187Z"}, "model": "uploader.file", "pk": 12}, {"fields": {"updated": "2015-04-13T17:15:37.535Z", "uuid": "db89fbdd-b107-4b22-8c5f-9f0baf5142ca", "file": "db89fbdd/b107/4b22/8c5f/9f0baf5142ca.jpg", "created": "2015-04-13T17:15:37.533Z"}, "model": "uploader.file", "pk": 13}, {"fields": {"updated": "2015-04-13T17:15:54.420Z", "uuid": "b5e02434-31fb-4797-8413-bb19750e34a9", "file": "b5e02434/31fb/4797/8413/bb19750e34a9.jpg", "created": "2015-04-13T17:15:54.419Z"}, "model": "uploader.file", "pk": 14}, {"fields": {"updated": "2015-04-13T17:17:09.171Z", "uuid": "7dd29480-f863-4305-9143-e6f8854b76c9", "file": "7dd29480/f863/4305/9143/e6f8854b76c9.JPG", "created": "2015-04-13T17:17:09.170Z"}, "model": "uploader.file", "pk": 15}, {"fields": {"updated": "2015-04-13T17:17:40.581Z", "uuid": "a9d900eb-a56b-4b06-aa64-0673c12318ea", "file": "a9d900eb/a56b/4b06/aa64/0673c12318ea.JPG", "created": "2015-04-13T17:17:40.580Z"}, "model": "uploader.file", "pk": 16}, {"fields": {"updated": "2015-04-13T17:17:49.710Z", "uuid": "7e217244-ea28-481a-a88d-8a3527db6177", "file": "7e217244/ea28/481a/a88d/8a3527db6177.JPG", "created": "2015-04-13T17:17:49.708Z"}, "model": "uploader.file", "pk": 17}, {"fields": {"updated": "2015-04-13T17:29:03.736Z", "uuid": "070c8a35-31ec-40c6-98b2-9aa791cf7ae9", "file": "070c8a35/31ec/40c6/98b2/9aa791cf7ae9.jpg", "created": "2015-04-13T17:29:03.735Z"}, "model": "uploader.file", "pk": 18}, {"fields": {"updated": "2015-04-13T18:03:47.024Z", "uuid": "f2e405d8-05cf-414f-916c-9e5c4bc8ad8f", "file": "f2e405d8/05cf/414f/916c/9e5c4bc8ad8f.JPG", "created": "2015-04-13T18:03:47.022Z"}, "model": "uploader.file", "pk": 19}, {"fields": {"updated": "2015-04-13T18:03:52.423Z", "uuid": "e710effa-634d-4611-9362-026afe7c3997", "file": "e710effa/634d/4611/9362/026afe7c3997.JPG", "created": "2015-04-13T18:03:52.421Z"}, "model": "uploader.file", "pk": 20}, {"fields": {"updated": "2015-04-13T18:03:57.514Z", "uuid": "10e38cc3-d106-4b0f-a9d4-73b2794c9102", "file": "10e38cc3/d106/4b0f/a9d4/73b2794c9102.jpg", "created": "2015-04-13T18:03:57.512Z"}, "model": "uploader.file", "pk": 21}, {"fields": {"updated": "2015-04-13T18:04:03.816Z", "uuid": "e6061d66-212a-4f28-b656-6f71cc95fb27", "file": "e6061d66/212a/4f28/b656/6f71cc95fb27.jpg", "created": "2015-04-13T18:04:03.814Z"}, "model": "uploader.file", "pk": 22}, {"fields": {"updated": "2015-04-13T18:04:10.175Z", "uuid": "c4e075d6-41b4-4ac3-9e0d-d78cc64eb44c", "file": "c4e075d6/41b4/4ac3/9e0d/d78cc64eb44c.jpg", "created": "2015-04-13T18:04:10.174Z"}, "model": "uploader.file", "pk": 23}, {"fields": {"updated": "2015-04-13T18:04:15.544Z", "uuid": "754076a3-842f-44d8-bcb3-a6e8bfbabdf0", "file": "754076a3/842f/44d8/bcb3/a6e8bfbabdf0.jpg", "created": "2015-04-13T18:04:15.543Z"}, "model": "uploader.file", "pk": 24}, {"fields": {"updated": "2015-04-13T18:06:57.896Z", "uuid": "d15698ca-73ff-488e-87a9-b13d8455fe51", "file": "d15698ca/73ff/488e/87a9/b13d8455fe51.JPG", "created": "2015-04-13T18:06:57.894Z"}, "model": "uploader.file", "pk": 25}, {"fields": {"updated": "2015-04-13T18:07:07.273Z", "uuid": "9b30d8e4-a032-4106-83aa-b76254d9418b", "file": "9b30d8e4/a032/4106/83aa/b76254d9418b.jpg", "created": "2015-04-13T18:07:07.271Z"}, "model": "uploader.file", "pk": 26}, {"fields": {"updated": "2015-04-13T18:07:12.789Z", "uuid": "0cac8581-e218-4515-9c87-3bc3a7ac2b8d", "file": "0cac8581/e218/4515/9c87/3bc3a7ac2b8d.jpg", "created": "2015-04-13T18:07:12.787Z"}, "model": "uploader.file", "pk": 27}, {"fields": {"updated": "2015-04-13T18:07:19.913Z", "uuid": "b965e07c-49cb-4445-980c-fc47de05c53d", "file": "b965e07c/49cb/4445/980c/fc47de05c53d.jpg", "created": "2015-04-13T18:07:19.911Z"}, "model": "uploader.file", "pk": 28}, {"fields": {"updated": "2015-04-13T18:07:26.409Z", "uuid": "c0642b9a-ecb6-46e6-a102-98be0d34ed47", "file": "c0642b9a/ecb6/46e6/a102/98be0d34ed47.jpg", "created": "2015-04-13T18:07:26.407Z"}, "model": "uploader.file", "pk": 29}, {"fields": {"updated": "2015-04-13T18:09:19.627Z", "uuid": "c4cad098-cedc-4631-84c2-6c4efb6e7143", "file": "c4cad098/cedc/4631/84c2/6c4efb6e7143.jpg", "created": "2015-04-13T18:09:19.625Z"}, "model": "uploader.file", "pk": 36}, {"fields": {"updated": "2015-04-13T18:09:24.413Z", "uuid": "e134ca2e-9d27-4024-b2e0-914738e7c9c4", "file": "e134ca2e/9d27/4024/b2e0/914738e7c9c4.jpg", "created": "2015-04-13T18:09:24.411Z"}, "model": "uploader.file", "pk": 37}, {"fields": {"updated": "2015-04-13T18:09:31.182Z", "uuid": "3d5b85b6-0620-437f-b114-ae7614d15a49", "file": "3d5b85b6/0620/437f/b114/ae7614d15a49.jpg", "created": "2015-04-13T18:09:31.180Z"}, "model": "uploader.file", "pk": 38}, {"fields": {"updated": "2015-04-13T18:09:35.364Z", "uuid": "163d5975-fd57-4ce8-a572-4739254cbc34", "file": "163d5975/fd57/4ce8/a572/4739254cbc34.jpg", "created": "2015-04-13T18:09:35.363Z"}, "model": "uploader.file", "pk": 39}, {"fields": {"updated": "2015-04-13T18:09:39.761Z", "uuid": "ba9e53e4-c143-4757-a63e-a3336ffe8628", "file": "ba9e53e4/c143/4757/a63e/a3336ffe8628.jpg", "created": "2015-04-13T18:09:39.759Z"}, "model": "uploader.file", "pk": 40}, {"fields": {"updated": "2015-04-13T18:09:45.687Z", "uuid": "35ee8cd7-ca0d-4a53-a398-6912f355f420", "file": "35ee8cd7/ca0d/4a53/a398/6912f355f420.gif", "created": "2015-04-13T18:09:45.686Z"}, "model": "uploader.file", "pk": 41}, {"fields": {"updated": "2015-04-13T18:10:48.403Z", "uuid": "66b86549-8cf2-4863-a2c1-2bf04c9d4d3e", "file": "66b86549/8cf2/4863/a2c1/2bf04c9d4d3e.jpg", "created": "2015-04-13T18:10:48.402Z"}, "model": "uploader.file", "pk": 42}, {"fields": {"updated": "2015-04-13T19:55:50.577Z", "uuid": "3886ef63-9caa-4955-b93d-d11008435237", "file": "3886ef63/9caa/4955/b93d/d11008435237.jpg", "created": "2015-04-13T19:55:50.576Z"}, "model": "uploader.file", "pk": 43}, {"fields": {"updated": "2015-04-13T20:18:17.423Z", "uuid": "e22ae2c3-5f75-40fc-b95d-4b699b13811e", "file": "e22ae2c3/5f75/40fc/b95d/4b699b13811e.jpg", "created": "2015-04-13T20:18:17.422Z"}, "model": "uploader.file", "pk": 44}, {"fields": {"updated": "2015-04-13T20:22:27.173Z", "uuid": "a4de7a6b-715a-44fd-87ad-c7bbc4862594", "file": "a4de7a6b/715a/44fd/87ad/c7bbc4862594.gif", "created": "2015-04-13T20:22:27.172Z"}, "model": "uploader.file", "pk": 45}, {"fields": {"updated": "2015-04-14T11:35:15.899Z", "uuid": "e9325503-9aaf-40df-b294-157f3548d943", "file": "e9325503/9aaf/40df/b294/157f3548d943.jpg", "created": "2015-04-14T11:35:15.897Z"}, "model": "uploader.file", "pk": 46}, {"fields": {"updated": "2015-04-14T11:35:30.260Z", "uuid": "f9189715-1ee4-4b4b-af15-83ebbe6072b6", "file": "f9189715/1ee4/4b4b/af15/83ebbe6072b6.jpg", "created": "2015-04-14T11:35:30.258Z"}, "model": "uploader.file", "pk": 47}, {"fields": {"updated": "2015-04-14T11:35:48.363Z", "uuid": "7bb6c221-15bb-46e2-8d20-60a697f6d15a", "file": "7bb6c221/15bb/46e2/8d20/60a697f6d15a.jpg", "created": "2015-04-14T11:35:48.362Z"}, "model": "uploader.file", "pk": 48}, {"fields": {"updated": "2015-04-14T12:58:29.076Z", "uuid": "44cb8026-d703-4294-a501-b70abf2396f1", "file": "44cb8026/d703/4294/a501/b70abf2396f1.jpg", "created": "2015-04-14T12:58:29.074Z"}, "model": "uploader.file", "pk": 49}, {"fields": {"updated": "2015-04-14T13:18:50.465Z", "uuid": "ff9d6350-79c2-4dcc-b58e-ad264701440c", "file": "ff9d6350/79c2/4dcc/b58e/ad264701440c.png", "created": "2015-04-14T13:18:50.463Z"}, "model": "uploader.file", "pk": 50}, {"fields": {"updated": "2015-04-14T13:25:51.168Z", "uuid": "51a04e7a-6519-4608-b969-b7dd071fa81b", "file": "51a04e7a/6519/4608/b969/b7dd071fa81b.png", "created": "2015-04-14T13:25:51.166Z"}, "model": "uploader.file", "pk": 51}, {"fields": {"updated": "2015-04-17T19:54:25.651Z", "uuid": "d8ee07d8-4485-4174-a389-40bbd273ad44", "file": "d8ee07d8/4485/4174/a389/40bbd273ad44.jpg", "created": "2015-04-17T19:54:25.644Z"}, "model": "uploader.file", "pk": 52}, {"fields": {"updated": "2015-04-17T19:54:30.378Z", "uuid": "c6ff8037-9040-4cff-8e6c-09b03ad3ff93", "file": "c6ff8037/9040/4cff/8e6c/09b03ad3ff93.jpg", "created": "2015-04-17T19:54:30.376Z"}, "model": "uploader.file", "pk": 53}, {"fields": {"updated": "2015-04-17T19:54:34.889Z", "uuid": "2aa85210-5c1e-43b6-ae76-e50a659775a5", "file": "2aa85210/5c1e/43b6/ae76/e50a659775a5.jpg", "created": "2015-04-17T19:54:34.887Z"}, "model": "uploader.file", "pk": 54}, {"fields": {"updated": "2015-04-17T19:54:46.438Z", "uuid": "0f4b8c22-e9c8-4df4-a24c-47d979e1529b", "file": "0f4b8c22/e9c8/4df4/a24c/47d979e1529b.jpg", "created": "2015-04-17T19:54:46.436Z"}, "model": "uploader.file", "pk": 55}, {"fields": {"updated": "2015-04-17T19:54:51.301Z", "uuid": "c52d5f8e-33f8-44e4-96fc-57077ef4a7ce", "file": "c52d5f8e/33f8/44e4/96fc/57077ef4a7ce.jpg", "created": "2015-04-17T19:54:51.299Z"}, "model": "uploader.file", "pk": 56}, {"fields": {"updated": "2015-04-17T19:54:55.174Z", "uuid": "3a717f80-31b9-41b3-8641-ebf2acffce16", "file": "3a717f80/31b9/41b3/8641/ebf2acffce16.jpg", "created": "2015-04-17T19:54:55.173Z"}, "model": "uploader.file", "pk": 57}, {"fields": {"updated": "2015-04-17T19:55:00.065Z", "uuid": "54de18b6-29bc-4678-aadd-d27849ca95e1", "file": "54de18b6/29bc/4678/aadd/d27849ca95e1.jpg", "created": "2015-04-17T19:55:00.063Z"}, "model": "uploader.file", "pk": 58}, {"fields": {"updated": "2015-04-17T19:55:06.757Z", "uuid": "2c46900f-39a9-42f7-9572-839ab9ceb9a4", "file": "2c46900f/39a9/42f7/9572/839ab9ceb9a4.jpg", "created": "2015-04-17T19:55:06.756Z"}, "model": "uploader.file", "pk": 59}, {"fields": {"updated": "2015-04-17T20:05:51.003Z", "uuid": "bf80bd10-b671-468f-a06f-1de7186463dd", "file": "bf80bd10/b671/468f/a06f/1de7186463dd.png", "created": "2015-04-17T20:05:51.001Z"}, "model": "uploader.file", "pk": 60}, {"fields": {"updated": "2015-04-17T20:06:36.485Z", "uuid": "94452682-b9e8-46c9-b0eb-c1902e70fd3f", "file": "94452682/b9e8/46c9/b0eb/c1902e70fd3f.png", "created": "2015-04-17T20:06:36.484Z"}, "model": "uploader.file", "pk": 61}, {"fields": {"updated": "2015-04-17T20:23:54.892Z", "uuid": "2a90e1fc-0f7d-45dd-831d-7594b439cb7a", "file": "2a90e1fc/0f7d/45dd/831d/7594b439cb7a.png", "created": "2015-04-17T20:23:54.890Z"}, "model": "uploader.file", "pk": 62}, {"fields": {"updated": "2015-04-17T21:06:33.019Z", "uuid": "fa39d656-223c-4414-8d6a-9f91b9df58df", "file": "fa39d656/223c/4414/8d6a/9f91b9df58df.JPG", "created": "2015-04-17T21:06:33.017Z"}, "model": "uploader.file", "pk": 63}, {"fields": {"updated": "2015-04-17T21:06:40.408Z", "uuid": "faef87eb-e6dc-499a-88a3-c500f9d1ff78", "file": "faef87eb/e6dc/499a/88a3/c500f9d1ff78.jpg", "created": "2015-04-17T21:06:40.406Z"}, "model": "uploader.file", "pk": 64}, {"fields": {"updated": "2015-04-17T21:06:49.361Z", "uuid": "41d54f9e-f7f8-49fa-bb09-362575dc4265", "file": "41d54f9e/f7f8/49fa/bb09/362575dc4265.jpg", "created": "2015-04-17T21:06:49.359Z"}, "model": "uploader.file", "pk": 65}, {"fields": {"updated": "2015-04-17T21:26:44.028Z", "uuid": "bcd7e5b5-a155-40ef-aea6-33a9ed0d557d", "file": "bcd7e5b5/a155/40ef/aea6/33a9ed0d557d.jpg", "created": "2015-04-17T21:26:44.027Z"}, "model": "uploader.file", "pk": 66}, {"fields": {"updated": "2015-04-17T21:41:01.943Z", "uuid": "8db437e1-fbaa-4d3b-a8fa-5e2054bd4a93", "file": "8db437e1/fbaa/4d3b/a8fa/5e2054bd4a93.gif", "created": "2015-04-17T21:41:01.941Z"}, "model": "uploader.file", "pk": 67}, {"fields": {"updated": "2015-04-17T22:31:33.821Z", "uuid": "c9cfe3d4-4a04-4c92-900c-9ae6740a1ad0", "file": "c9cfe3d4/4a04/4c92/900c/9ae6740a1ad0.jpg", "created": "2015-04-17T22:31:33.819Z"}, "model": "uploader.file", "pk": 68}, {"fields": {"updated": "2015-04-17T22:55:30.078Z", "uuid": "350eb610-3e1c-4a0f-a407-4d129bb72036", "file": "350eb610/3e1c/4a0f/a407/4d129bb72036.PNG", "created": "2015-04-17T22:55:30.077Z"}, "model": "uploader.file", "pk": 69}, {"fields": {"updated": "2015-04-17T22:58:31.740Z", "uuid": "30ed2757-406b-40e8-bee6-d82df6a923fa", "file": "30ed2757/406b/40e8/bee6/d82df6a923fa.jpg", "created": "2015-04-17T22:58:31.740Z"}, "model": "uploader.file", "pk": 70}, {"fields": {"updated": "2015-04-17T22:58:49.242Z", "uuid": "bc8f0c55-fe3b-46d8-8517-6410815fed87", "file": "bc8f0c55/fe3b/46d8/8517/6410815fed87.jpg", "created": "2015-04-17T22:58:49.242Z"}, "model": "uploader.file", "pk": 71}, {"fields": {"updated": "2015-04-17T22:59:00.574Z", "uuid": "2e6aeaab-92c4-4ba0-b2b9-4ee3a7790e5d", "file": "2e6aeaab/92c4/4ba0/b2b9/4ee3a7790e5d.jpg", "created": "2015-04-17T22:59:00.573Z"}, "model": "uploader.file", "pk": 72}, {"fields": {"updated": "2015-04-17T22:59:13.065Z", "uuid": "363da548-77e6-4e6c-8aa9-47c873fe3928", "file": "363da548/77e6/4e6c/8aa9/47c873fe3928.jpg", "created": "2015-04-17T22:59:13.064Z"}, "model": "uploader.file", "pk": 73}, {"fields": {"updated": "2015-04-17T22:59:36.455Z", "uuid": "a807f12d-998b-49eb-b512-449bd72a0657", "file": "a807f12d/998b/49eb/b512/449bd72a0657.jpg", "created": "2015-04-17T22:59:36.454Z"}, "model": "uploader.file", "pk": 74}, {"fields": {"updated": "2015-04-17T22:59:57.733Z", "uuid": "7f82da4b-b38b-4e48-93ac-1e3ddfc2e827", "file": "7f82da4b/b38b/4e48/93ac/1e3ddfc2e827.jpg", "created": "2015-04-17T22:59:57.732Z"}, "model": "uploader.file", "pk": 75}, {"fields": {"updated": "2015-04-18T20:43:48.824Z", "uuid": "965d6a73-e65e-48ea-ae2f-58621c241e2a", "file": "965d6a73/e65e/48ea/ae2f/58621c241e2a.jpg", "created": "2015-04-18T20:43:48.823Z"}, "model": "uploader.file", "pk": 76}, {"fields": {"updated": "2015-04-19T17:19:38.323Z", "uuid": "b3e28331-c561-4061-a62e-56b4c26152af", "file": "b3e28331/c561/4061/a62e/56b4c26152af.png", "created": "2015-04-19T17:19:38.315Z"}, "model": "uploader.file", "pk": 77}, {"fields": {"updated": "2015-04-20T11:10:02.860Z", "uuid": "44e39a38-c541-4e1d-a93c-63cb08a607e4", "file": "44e39a38/c541/4e1d/a93c/63cb08a607e4.jpg", "created": "2015-04-20T11:10:02.859Z"}, "model": "uploader.file", "pk": 78}, {"fields": {"updated": "2015-06-19T20:56:12.595Z", "uuid": "803966bc-8a80-4a62-856d-c6735467f44e", "file": "803966bc/8a80/4a62/856d/c6735467f44e.png", "created": "2015-06-19T20:56:12.585Z"}, "model": "uploader.file", "pk": 79}, {"fields": {"updated": "2016-06-09T22:06:49.057Z", "uuid": "e14a7b6b-8bd6-4421-92ac-0288978c4a4f", "file": "e14a7b6b/8bd6/4421/92ac/0288978c4a4f.jpg", "created": "2016-06-09T22:06:49.054Z"}, "model": "uploader.file", "pk": 80}, {"fields": {"updated": "2016-06-09T22:07:25.879Z", "uuid": "2337d5ef-4e2e-41dd-90d7-4e181e4b0eb2", "file": "2337d5ef/4e2e/41dd/90d7/4e181e4b0eb2.jpg", "created": "2016-06-09T22:07:25.878Z"}, "model": "uploader.file", "pk": 81}, {"fields": {"updated": "2016-08-15T13:29:22.683Z", "uuid": "ca8b3438-0303-43af-b25f-32bb94c6e129", "file": "ca8b3438/0303/43af/b25f/32bb94c6e129.png", "created": "2016-08-15T13:29:22.678Z"}, "model": "uploader.file", "pk": 82}, {"fields": {"updated": "2016-08-15T13:31:49.209Z", "uuid": "e871e306-3000-41fb-bdc6-18cdcac0a2cf", "file": "e871e306/3000/41fb/bdc6/18cdcac0a2cf.png", "created": "2016-08-15T13:31:49.200Z"}, "model": "uploader.file", "pk": 83}, {"fields": {"updated": "2016-08-15T13:33:15.553Z", "uuid": "81e2113f-73b2-4693-8da1-cc728f91b248", "file": "81e2113f/73b2/4693/8da1/cc728f91b248.png", "created": "2016-08-15T13:33:15.545Z"}, "model": "uploader.file", "pk": 84}, {"fields": {"updated": "2016-08-15T13:33:59.186Z", "uuid": "18066d06-c118-4f1e-89f6-fa3dc24a5647", "file": "18066d06/c118/4f1e/89f6/fa3dc24a5647.png", "created": "2016-08-15T13:33:59.183Z"}, "model": "uploader.file", "pk": 85}, {"fields": {"updated": "2017-01-06T21:25:02.598Z", "uuid": "67fe7513-d762-4d54-b189-14e7933555ac", "file": "67fe7513/d762/4d54/b189/14e7933555ac.jpg", "created": "2017-01-06T21:25:02.595Z"}, "model": "uploader.file", "pk": 86}, {"fields": {"updated": "2017-06-26T12:34:16.360Z", "uuid": "18d83bd2-200c-444e-a86a-602cbf0a900d", "file": "18d83bd2/200c/444e/a86a/602cbf0a900d.jpg", "created": "2017-06-26T12:34:16.356Z"}, "model": "uploader.file", "pk": 87}, {"fields": {"rght": 2, "uploaded_at": "2016-06-09T00:24:17.005Z", "name": "Main", "parent": null, "level": 0, "created_at": "2016-06-09T00:24:17.005Z", "modified_at": "2016-06-09T00:24:17.005Z", "lft": 1, "tree_id": 1, "owner": 1}, "model": "filer.folder", "pk": 1}, {"fields": {"sha1": "b5a6635dbbb70200ac274a50ffe826d781f1e209", "original_filename": "942636_10201386360124353_1021574313_n.jpg", "name": "", "description": null, "modified_at": "2016-06-09T00:27:14.102Z", "_file_size": 132719, "uploaded_at": "2016-06-09T00:27:11.872Z", "file": "public/e6/55/e6559de3-2b37-4260-affe-afca9a23ed25/942636_10201386360124353_1021574313_n.jpg", "owner": 1, "is_public": true, "folder": 1, "has_all_mandatory_data": false, "polymorphic_ctype": 31}, "model": "filer.file", "pk": 1}, {"fields": {"sha1": "8512e17d6dc56327f8856e0df0dd56330df8d62e", "original_filename": "becommunities.zip", "name": "", "description": null, "modified_at": "2016-06-09T01:11:48.145Z", "_file_size": 334936, "uploaded_at": "2016-06-09T01:11:48.145Z", "file": "public/8b/2d/8b2d6f03-d192-4165-b5a8-883ff3be9118/becommunities.zip", "owner": 1, "is_public": true, "folder": null, "has_all_mandatory_data": false, "polymorphic_ctype": 28}, "model": "filer.file", "pk": 2}, {"fields": {"sha1": "8854501711b696455885112a23af7df7a6b021b0", "original_filename": "ed70432c6e6d99c7ea277589be18d28a.png", "name": "", "description": null, "modified_at": "2016-06-09T01:12:47.459Z", "_file_size": 239484, "uploaded_at": "2016-06-09T01:12:47.459Z", "file": "public/17/ad/17ad7acc-5c51-4bfb-b237-7857a72f0713/ed70432c6e6d99c7ea277589be18d28a.png", "owner": 1, "is_public": true, "folder": null, "has_all_mandatory_data": false, "polymorphic_ctype": 31}, "model": "filer.file", "pk": 3}, {"fields": {"sha1": "8854501711b696455885112a23af7df7a6b021b0", "original_filename": "ed70432c6e6d99c7ea277589be18d28a.png", "name": "", "description": null, "modified_at": "2016-06-09T01:14:37.499Z", "_file_size": 239484, "uploaded_at": "2016-06-09T01:14:36.185Z", "file": "public/fa/83/fa8321a9-9150-4c5a-8640-c1d426aaeda1/ed70432c6e6d99c7ea277589be18d28a.png", "owner": 1, "is_public": true, "folder": 1, "has_all_mandatory_data": false, "polymorphic_ctype": 31}, "model": "filer.file", "pk": 4}, {"fields": {"sha1": "cc3a08c39010ee18e982ddcebb4e5fe3d5622a72", "original_filename": "11140228_1018999698130649_6261310209052369968_n.jpg", "name": "", "description": null, "modified_at": "2016-06-09T01:17:22.992Z", "_file_size": 60656, "uploaded_at": "2016-06-09T01:17:20.920Z", "file": "public/93/05/93056e4b-4711-4e63-8874-aa4be522b3df/11140228_1018999698130649_6261310209052369968_n.jpg", "owner": 1, "is_public": true, "folder": 1, "has_all_mandatory_data": false, "polymorphic_ctype": 31}, "model": "filer.file", "pk": 5}, {"fields": {"sha1": "dcb4d8c3fa3ecf84f33ceacea08e4660c8e5b4ec", "original_filename": "shader.jpg", "name": "", "description": null, "modified_at": "2016-06-09T01:20:21.985Z", "_file_size": 543973, "uploaded_at": "2016-06-09T01:20:21.985Z", "file": "public/ee/b2/eeb25ea3-3e13-464a-9941-3a00b0a8fe06/shader.jpg", "owner": 1, "is_public": true, "folder": null, "has_all_mandatory_data": false, "polymorphic_ctype": 31}, "model": "filer.file", "pk": 6}, {"fields": {"sha1": "409eb29044b8d19c1da00c8e1d07b4a4e1466033", "original_filename": "scr-3.jpg", "name": "", "description": null, "modified_at": "2016-06-09T01:25:11.486Z", "_file_size": 245131, "uploaded_at": "2016-06-09T01:25:07.759Z", "file": "public/5d/c4/5dc45dd1-5c2d-42d6-8ec6-3dab2d8b1873/scr-3.jpg", "owner": 1, "is_public": true, "folder": 1, "has_all_mandatory_data": false, "polymorphic_ctype": 31}, "model": "filer.file", "pk": 8}, {"fields": {"sha1": "46c19b2edf6f16c950328324e8483e9f6da63b4d", "original_filename": "thesaurus-html5-scr03.jpg", "name": "", "description": null, "modified_at": "2016-06-09T22:04:01.519Z", "_file_size": 751894, "uploaded_at": "2016-06-09T22:03:59.123Z", "file": "public/a9/a3/a9a3de34-6a07-4471-b0c2-c6161348ff0d/thesaurus-html5-scr03.jpg", "owner": 1, "is_public": true, "folder": 1, "has_all_mandatory_data": false, "polymorphic_ctype": 31}, "model": "filer.file", "pk": 9}, {"fields": {"user": 1}, "model": "filer.clipboard", "pk": 1}, {"fields": {"subject_location": null, "must_always_publish_copyright": false, "date_taken": "2016-06-09T00:27:11.823Z", "author": null, "_height": 960, "_width": 960, "must_always_publish_author_credit": false, "default_alt_text": null, "default_caption": null}, "model": "filer.image", "pk": 1}, {"fields": {"subject_location": null, "must_always_publish_copyright": false, "date_taken": "2016-06-09T01:12:47.422Z", "author": null, "_height": 521, "_width": 828, "must_always_publish_author_credit": false, "default_alt_text": null, "default_caption": null}, "model": "filer.image", "pk": 3}, {"fields": {"subject_location": null, "must_always_publish_copyright": false, "date_taken": "2016-06-09T01:14:36.170Z", "author": null, "_height": 521, "_width": 828, "must_always_publish_author_credit": false, "default_alt_text": null, "default_caption": null}, "model": "filer.image", "pk": 4}, {"fields": {"subject_location": null, "must_always_publish_copyright": false, "date_taken": "2016-06-09T01:17:20.906Z", "author": null, "_height": 539, "_width": 960, "must_always_publish_author_credit": false, "default_alt_text": null, "default_caption": null}, "model": "filer.image", "pk": 5}, {"fields": {"subject_location": null, "must_always_publish_copyright": false, "date_taken": "2016-06-09T01:20:21.945Z", "author": null, "_height": 720, "_width": 1280, "must_always_publish_author_credit": false, "default_alt_text": null, "default_caption": null}, "model": "filer.image", "pk": 6}, {"fields": {"subject_location": null, "must_always_publish_copyright": false, "date_taken": "2016-06-09T01:25:07.726Z", "author": null, "_height": 1050, "_width": 1680, "must_always_publish_author_credit": false, "default_alt_text": null, "default_caption": null}, "model": "filer.image", "pk": 8}, {"fields": {"subject_location": null, "must_always_publish_copyright": false, "date_taken": "2016-06-09T22:03:59.093Z", "author": null, "_height": 768, "_width": 1366, "must_always_publish_author_credit": false, "default_alt_text": null, "default_caption": null}, "model": "filer.image", "pk": 9}, {"fields": {"slug": "blog", "title": "Blog"}, "model": "blog.category", "pk": 1}, {"fields": {"body": "<p>Die SGMK hat auch dieses Jahr am Shift Festival Workshops gemacht: Besucher und <a href=\"http://www.mechatronicart.ch/diymakeaway\" target=\"_blank\">wir</a> haben gel&ouml;tet was das Zeug h&auml;lt. Nebst dem micro_noise wurden Pixel und Theremine gebaut. Ich freu mich schon auf n&auml;chstes Jahr.<br />\r\n<br />\r\n<img src=\"/media/files/c9cfe3d4/4a04/4c92/900c/9ae6740a1ad0.jpg\" style=\"height: 536px; width: 715px;\" /></p>\r\n", "status": 2, "allow_comments": true, "author": 1, "tease": "", "modified": "2015-04-17T23:10:39.370Z", "publish": "2009-10-28T20:14:50Z", "created": "2015-03-24T20:16:57.483Z", "title": "shift festival 2009", "slug": "shift-festival-2009", "categories": [1]}, "model": "blog.post", "pk": 1}, {"fields": {"body": "<p><img alt=\"box muller\" src=\"/media/files/4e40777f/3f30/41f9/9f14/900caa583bee.png\" style=\"width: 625px; height: 625px;\" /></p>\r\n", "status": 2, "allow_comments": true, "author": 1, "tease": "", "modified": "2015-04-17T20:30:07.869Z", "publish": "2010-02-16T20:31:32Z", "created": "2015-03-24T20:34:03.371Z", "title": "box muller method", "slug": "box-muller-method", "categories": [1]}, "model": "blog.post", "pk": 2}, {"fields": {"body": "<div class=\"flex-video oembed-provider- oembed-provider-youtube\" data-align=\"none\" data-maxheight=\"315\" data-maxwidth=\"715\" data-oembed=\"https://www.youtube.com/watch?v=9XVGlnIzbHY\" data-oembed_provider=\"youtube\" data-resizetype=\"responsive\"><iframe allowfullscreen=\"true\" allowscriptaccess=\"always\" frameborder=\"0\" height=\"315\" scrolling=\"no\" src=\"//www.youtube.com/embed/9XVGlnIzbHY?wmode=transparent&amp;jqoemcache=nVr20\" width=\"383.5959885386819\"></iframe></div>\r\n\r\n<p>&nbsp;</p>\r\n", "status": 2, "allow_comments": true, "author": 1, "tease": "", "modified": "2015-04-14T13:13:05.508Z", "publish": "2006-04-14T13:10:41Z", "created": "2015-04-14T13:11:19.239Z", "title": "conway's life", "slug": "conways-life", "categories": [1]}, "model": "blog.post", "pk": 6}, {"fields": {"body": "<p>Using mr. doob&#39;s great editor: <a href=\"http://www.mrdoob.com/projects/htmleditor/#B/tVhbU9s4FH5Of4VKZweHJra5ZBac0B1IaftQZhlg2tlheFBsOVaxJVeSSUIn/71HsuzEufQyWx6IbkfnOzqXTzKDl2//Hd7+d3WBEpWlb14MyqY1SAiOoG0NMqIwChMsJFGnO4WKu8c7ZkGqWUp0rzXi0Qx9073WCIcPY8ELFnVDnnIRoFdxHPfNWobFmLIA+eWQPxIRp3wSoIRGEWFmdq41e5XqgWfNGGgIg/qy2x3IUNBcISnC051EqTzwvDBiX6QbpryI4hQL4oY88/AXPPVSOpKeSgQh7hfpid7fdpBRBhM7bwDNqHvT7ZbHWleeiYjzkTumKilGRnOtb1TQNNqm8ffVkSnO8pRID/oywRER0hvyfHZj+s+h/QMX9IkzhdPztBDPh/OJCEXDH6L8P6CcS5ULHhIpKRt7F3FMQjXkGcz/2ROtAF0TBoe5wlI+I8gllg/PDFEGZR2ktT0yk8nE1cyQUtIVfAQRlgZuTEcwoDKx5VGPfxByQySehyZcPGBDICjmAohH8IygUTEGmrClziPijjkfp2WV554RokXmUSkLOFwElEXTf2h0etg7OfZfhfsHWjuNkYMmlEV84lLGiPhMI5Wg09NT5KM2+rZpDeVAJkwtzfUbYh8IHSdqRa6c7CNNZvqIrfe1Ayijymk3525pRlwyzblYWzqnjOeysaj/MAAyMkELwSuezt5dOt9QmF1jRXmw30FgJpnqDlYKaDk48DsoIiGeBfs934fBOKURCXz35OQEzdt9ZLh8TfVbkuIZaKYsL1SAO0iBvcGRb1TEhESa8wO3ByogHnD+ECw1yrS+8PlMjX5iavgbphpbH7FArMgk6D0TAjQd631H+ufQ962gFqIgUd5ieiTJ17P9NVtuyNeCsJAIp7wZFdx+RAUId8zwgczkGYs+4RQyNrC3Z4txRQJ0hzSeRT469tF9uaf1hPRiXLAQ/MacdrWtFeKMCOxCSVO94j5pc+Akd/Qv07opYWOV3PeRt7cwUbCIOujwEFBOfCiB/p5n9dHXr/uV6opChSE68Fe5MLdGzcsmKoQOJpPBHdrXDkcAtWwpEkQVgqFV+J4+pIkyGIDme549LTLehkBJ8JwqYa3HaYlkXV6GyjjMHMUEzZhQmrocpoM/E6Zdk5u7EIyFomsWxU6ZrCX4/Tb3HBj3bD/lssXDXzY4/KHBOrF2TWaBqzvaBPg5WmTW4kTGPCOBOrpbSzztbss+UwBuA9nVgHf+PZi/CNjdJVaJC28+LhzTFRiYNHPaewsZm6nt+5+nmcmZn/nxRd3o2+UwQlIVcVx5uKybDpIhYaSDyhQnooOqrK+LPBnBw6WDHnVTT44JXE5KzDoowwrCg1PoEZnU6CXdmyE8n4v8RuPYCcyo3rVka+VaVG6z/n2xKHCbDLcfri8u3Ct4VuXAYPSRDM2qrqXOhkvM23BjQZKWeYpsPa8yyBSwjv3NazNY621Ze1raZ36MaxuGLzuhlKn83hD7TEbvP17blUq8knTBncOUYDHUXxkO8qfwmRGb4tsgeUOfyIarv7PpKl+2K+JhkelrXX9+uDjPQecwgSeNU6eKCwl8kRIt1dhaJVDjSM1H6UJJHYSKa3EU6ZeYs7R38c50qnS1SdFuAJtEbfq7ftk5dmbTo3+7DaXGZYzHX8BYf/BXKsxue53c8psQ3qYMlClRkG0mPK6aMF+rmeX6WiqcqkQb1p7z6Xs771gurDivXX2rlvXc2HYJpX2OJQ0v7aoD15r9zNUJ6PtxrHNKkFhAaAJzpKWJjxR06cQLoPTQvOFSTRtrYM4Ghql2mRzQHnIM5djpdb/UNLNMJ0JfIlKdmTWQeqfNcyrZFU4Avn44U04JWBV65SeiL3KucE0ab0EBsP8EAPeQ7wLF9DaJzjaJ7peSnmebusjs26OR96vZUPF88/ti4JX/Ohh45j8b3wE=\" target=\"_blank\">Experiment with Web Audio and WebGL</a>. Variation in <a href=\"http://mrdoob.com/projects/htmleditor/#B/tVjbbts4EH12v4JNsYicypKc1NhEdrpI3LR9aLBBErRYBHmgJcpiI5EqScV2Cv/7DqmLJV/aLbZ5sC7kcM5wLmcoj16++3t8+8/VBYpVmrx9MSpunVFMcAj3ziglCqMgxkISdbqXq6h3vGcmpFokRD91JjxcoO/6qTPBwcNU8JyFvYAnXPjoled5QzOXYjGlzEflK38kIkr4zEcxDUPCzOhSa3Yr1SO3NGOkIQzqy15vJANBM4WkCE73YqUy33WDkH2VTpDwPIwSLIgT8NTFX/HcTehEuioWhDhfpSsGf5YvKWUwsPcW0Iy6t71esa1N5akIOZ84U6rifGI01/omOU3CXRp/XR2Z4zRLiHThWcY4JEK6Y54tbszzc2j/yAV94kzh5DzJxfPhfCZC0eCHKP8PKONSZYIHRErKpu5FFJFAjXkK4793R2tA14TBZq6wlM8IconlwzNDFEHZBOnsjsxsNnM0MySU9ASfQISlgZvSCbxQGZflUb//IOSGSFwXzbh4wIZAUMQFEI/gKUGTfAo0UZY6D4kz5XyaFFWeuUaI5qlLpcxhcyFQFk3+ouHp0eDk2HsV9A+1dhohC80oC/nMoYwR8YWGKkanp6fIQ130fdscyoBMmGqMDVtiHwmdxmpNrhgcIk1meoudD7UDKKPK6rbHbmlKHDLPuNiYOqeMZ7I1qX8YABmZoZXgFU8W7y+t7yhIr7Gi3O/bCMwkc/2AlQJa9g89G4UkwAu/PwBSttE0oSHxPefk5AQtu0NkuHxD9TuS4AVopizLlY9tpMBe/41nVESEhJrzfWcAKiAesP8ALDXKtL7g+UwNf2Jq8AumGlsfsUAsTyXoPRMCNB3rdW/05cjzSkEtREGi6GL6TZJvZ/0NW27It5ywgAir6IwKuh9RPsK2eX0gC3nGws84gYz1y+7ZYVwRH90hjVcivzn20H2xpvOE9GSUswD8xqxutawT4JQI7EBJUz3jLLQ5sJM7+oe5OwlhUxXfD5F7sDJRsJBa6OgIUE48KIHhgVvqo69fDyvVFYUKQ3Tgr2JiWRq1LG5hLnQwmfTvkA5Zp4MAq2kqEkTlgqF1/IHepQkzWICWB265XWTcDZGS4DpV4JYupwVU6fMiVsZjZi8man0d9MLWZpwOf0+c9k0+7kM0VoquWRhZnqOd6Xjd+13O0Yb9YIdNa8e/yVidVfsmrfp9MO/QpFadVPum0Mx8/9BMe8iGi1cLPO3vyjuT+k4L1tFod9492L6K1N0lVrEDpz0uLPMoMHBoanUPVjJljnbvf55gxoc/c+KL+qb7ylGIpMqjqHJvUTE2kgFhxEZFchNhoyrf6/KOJ3BksdGjvtWDUwJtSYmFjVKsIDY4gSci4xq9IHrzCgfnPLvROOUAZlSvathauRYVy0r/vliVdpkJtx+vLy6cKzhQZcBd9JGMzawuIntL+3K39CoojaI6UFnJ69wxB6xjb/uc5pXBjrmnxjpzMa5tGd50QiFT+b0l9oVMPny6Lmcq8UrSAXeOE4LFWH9fWMibe15B8P0tkjf0iWxp+va2Jt60K+RBnuqGrj88HJxloHMcw2HGqlPFgQS+SIiWai2tEqi1pfZxdKWkDkLFsjgM9RnMaqxdnTCtKl3LpOi2gE2itv1dn+mscmTbcX+3DYXGJsbjf8DYPOpXKszqspHc8psATqUMlCmRk10mPK6bsNyomWZ9NQqnKtGWted8/qEctzTT2fWlwqjqubXsEkr7HEsaXJazFvSz8gNXJ2AUeaYABYkEhMY3W2oMfKKgSyeeD6WHli2XatrYALO2MEy1yuSA9pBlKKcc3vRLTTNNOhG6g0h1ZuZA6r02z6pk1zgB+PrhTFkFYFXolZ+I7uBc4Zo03oECYP8ZAB4gaISeN9gmutgm2i8kXbe81UVWnjpaeb+eDRXPt78sRm7xp8HINf9p/As=\" target=\"_blank\">black/green</a>.</p>\r\n\r\n<p><img alt=\"\" src=\"/media/files/2a90e1fc/0f7d/45dd/831d/7594b439cb7a.png\" style=\"width: 1024px; height: 576px;\" /></p>\r\n", "status": 2, "allow_comments": true, "author": 1, "tease": "", "modified": "2016-01-14T12:54:11.145Z", "publish": "2014-12-12T20:19:52Z", "created": "2015-04-17T20:25:46.908Z", "title": "Fun with WebGL and Web Audio", "slug": "fun-webgl-and-web-audio", "categories": [1]}, "model": "blog.post", "pk": 7}, {"fields": {"body": "<div class=\"flex-video oembed-provider- oembed-provider-youtube\" data-align=\"none\" data-maxheight=\"315\" data-maxwidth=\"715\" data-oembed=\"https://www.youtube.com/watch?v=Vi2mBL5fnXU\" data-oembed_provider=\"youtube\" data-resizetype=\"responsive\"><iframe allowfullscreen=\"true\" allowscriptaccess=\"always\" frameborder=\"0\" height=\"315\" scrolling=\"no\" src=\"//www.youtube.com/embed/Vi2mBL5fnXU?wmode=transparent&amp;jqoemcache=AlG6K\" width=\"383.5959885386819\"></iframe></div>\r\n\r\n<p>&nbsp;</p>\r\n", "status": 2, "allow_comments": true, "author": 1, "tease": "", "modified": "2015-04-17T20:28:29.638Z", "publish": "2014-07-11T20:27:51Z", "created": "2015-04-17T20:28:29.638Z", "title": "Possum", "slug": "possum", "categories": [1]}, "model": "blog.post", "pk": 8}, {"fields": {"body": "<p><img alt=\"\" src=\"/media/files/fa39d656/223c/4414/8d6a/9f91b9df58df.JPG\" style=\"width: 1024px; height: 768px;\" /></p>\r\n\r\n<p><img alt=\"\" src=\"/media/files/faef87eb/e6dc/499a/88a3/c500f9d1ff78.jpg\" style=\"width: 1024px; height: 768px;\" /></p>\r\n\r\n<p><img alt=\"\" src=\"/media/files/41d54f9e/f7f8/49fa/bb09/362575dc4265.jpg\" style=\"width: 1024px; height: 768px;\" /></p>\r\n", "status": 2, "allow_comments": true, "author": 1, "tease": "", "modified": "2015-04-17T21:16:23.209Z", "publish": "2011-03-09T20:53:27Z", "created": "2015-04-17T21:14:29.822Z", "title": "Tardiscope", "slug": "tardiscope", "categories": [1]}, "model": "blog.post", "pk": 9}, {"fields": {"body": "<p>USB stick made from polymorph playing sound and blinking (sorry for bad image quality).</p>\r\n\r\n<p><img alt=\"\" src=\"/media/files/bcd7e5b5/a155/40ef/aea6/33a9ed0d557d.jpg\" style=\"width: 1024px; height: 613px;\" /></p>\r\n\r\n<p>Here&#39;s the schema and code i found on the interwebs but can&#39;t remember on what site. The circuit is based on the Atmel ATtiny13&nbsp;&micro;C&nbsp;with sound output on pb0&nbsp;in series with a simple&nbsp;RC filter.</p>\r\n\r\n<p>You&#39;ll need an avr assembler for this to compile (AVR Studio).</p>\r\n\r\n<p><img alt=\"\" src=\"/media/files/8db437e1/fbaa/4d3b/a8fa/5e2054bd4a93.gif\" style=\"width: 474px; height: 246px;\" /></p>\r\n\r\n<pre>\r\n<code class=\"language-avrasm\">;--------------------------------------------------------\r\n; File: Sinewave.asm\r\n; December 21 2006\r\n; Wagner Lipnharski (wagner@ustr.net)\r\n; processor Atmel AVR AtTiny13\r\n;\r\n; Description: Example of how to use the fast PWM of the\r\n;\t\tATtiny13 to generate \"sine-wave\" signal.\r\n;\r\n;\t\tThe PWM output requires filtering to shape\r\n;\t\tthe sine wave form.  The filter may be composed\r\n;       by a simply 10k resistor connected to the PB1 pin\r\n;       to a 100nF capacitor to ground. This output may\r\n;       be boosted by an operational amplifier.\r\n;\r\n;---------------------------------------------------------\r\n;\r\n; You must program AtTiny13 Fuse:\r\n; Internal RC Oscillator 9.6MHz Start-Up time: 14CK + 64ms\r\n;\r\n;---------------------------------------------------------\r\n\r\n.include \"tn13def.inc\"\t\t\r\n\r\n.Def\tTemp1\t\t= R15\r\n.Def\tTemp\t\t= R16\r\n.Def\tTemp2\t\t= R17\r\n\r\n.Def\tTablePtr\t= R18\r\n\r\n.Def\tTone1\t\t= R19\r\n.Def\tTone1Temp\t= R20\r\n\r\n.Def\tTempo\t\t= R21\r\n\r\n.Def\tSineCntr\t= R22\r\n.Def\tSineCntrTmp\t= R23\r\n\r\n.Def\tSkipper\t\t= R24\r\n.Def\tKeyNumber\t= R25\t\t; Key A5=0, Key B7=15\r\n\r\n.Def\tPlayerL\t\t= R26\r\n.Def\tPlayerH\t\t= R27\r\n\r\n\r\n\r\n;Initialization\r\n\r\n.cseg\r\n.org $000\r\n\t\t\tRjmp\tInit\r\n\r\n\r\n;***********************************************\r\n; MUSIC TO PLAY - Change this Table\r\n;***********************************************\r\n\t\t; [Zero, KeyNumber, Tempo, Pause]\r\n\t\t; KeyNumber 0-15\r\n\t\t; Tempo 1-50 (aprox 200ms each)\r\n\t\t; Pause 1-50 (aprox 5ms each)\r\n\t\t; End table with 255,255,255,255\r\n\r\nMusic:\r\n\r\n\t.db 0,1,1,1\r\n\t.db 0,6,1,2\r\n\t.db 0,3,1,1\r\n\t.db 0,9,1,2\r\n\t.db 0,2,1,1\r\n\t.db 0,2,1,2\r\n\t.db 0,12,1,1\r\n\t.db 0,15,1,2\r\n\t.db 0,7,1,1\r\n\t.db 0,10,1,2\r\n\t.db 0,13,1,1\r\n\t.db 0,13,1,2\r\n\t.db 0,3,1,1\r\n\t.db 0,3,1,2\r\n\t.db 0,3,1,1\r\n\r\n\t\r\n\t.db 0,3,1,1\r\n\t.db 0,3,1,2\r\n\t.db 0,3,1,1\t\r\n\t.db 0,13,1,2\r\n\t.db 0,13,1,1\r\n\t.db 0,10,1,2\r\n\t.db 0,7,1,1\r\n\t.db 0,15,1,2\r\n\t.db 0,12,1,1\r\n\t.db 0,2,1,2\r\n\t.db 0,2,1,1\r\n\t.db 0,9,1,2\r\n\t.db 0,3,1,1\r\n\t.db 0,6,1,2\r\n\t.db 0,1,1,1\r\n\t\r\n\t\r\n/*\r\n\t; We wish you a Merry Christmas\r\n\t.db\t0,6,4,3\r\n\t.db 0,9,4,4\r\n\t.db\t0,9,2,3\r\n\t.db 0,10,2,3\r\n\t.db 0,9,2,3\r\n\t.db 0,8,2,3\r\n\t.db 0,7,4,3\r\n\t.db 0,7,2,15\r\n\r\n\t.db\t0,7,4,3\r\n\t.db\t0,10,4,4\r\n\t.db\t0,10,2,3\r\n\t.db\t0,11,2,3\r\n\t.db\t0,10,2,3\r\n\t.db\t0,9,2,3\r\n\t.db\t0,8,4,3\r\n\t.db\t0,6,2,15\r\n\r\n\t.db\t0,6,4,3\r\n\t.db\t0,11,4,4\r\n\t.db\t0,11,2,3\r\n\t.db\t0,12,2,3\r\n\t.db\t0,11,2,3\r\n\t.db\t0,10,2,3\r\n\t.db\t0,9,4,3\r\n\t.db\t0,7,2,15\r\n\t.db\t0,6,2,3\r\n\t.db\t0,6,2,3\r\n\t.db\t0,7,4,3\r\n\t.db\t0,10,4,3\r\n\t.db\t0,8,4,3\r\n\t.db\t0,9,8,80\r\n\r\n\t; NOEL First Part\r\n\t.db\t0,4,2,3\t\t; Key=4, Tempo=2, Pause=3\r\n\t.db\t0,3,2,3\t\t; Key=3, Tempo=2, Pause=3\r\n\t.db\t0,2,6,3\r\n\t.db\t0,3,2,3\r\n\t.db\t0,4,2,3\r\n\t.db\t0,5,2,3\r\n\t.db\t0,6,6,15\r\n\t.db\t0,7,2,3\r\n\t.db\t0,8,2,3\r\n\t.db\t0,9,4,3\r\n\t.db\t0,8,4,3\r\n\t.db\t0,7,4,3\r\n\t.db\t0,6,6,30\r\n\t.db\t0,9,4,3\r\n\t.db\t0,8,4,3\r\n\t.db\t0,7,4,3\r\n\t.db\t0,6,4,3\r\n\t.db\t0,7,4,3\r\n\t.db\t0,8,4,3\r\n\t.db\t0,9,4,3\r\n\t.db\t0,6,4,3\r\n\t.db\t0,5,4,3\r\n\t.db\t0,4,4,30\r\n\r\n\t; NOEL Second Part\r\n\t.db\t0,4,2,3\t\t\r\n\t.db\t0,3,2,3\t\t\r\n\t.db\t0,2,6,3\r\n\t.db\t0,3,2,3\r\n\t.db\t0,4,2,3\r\n\t.db\t0,5,2,3\r\n\t.db\t0,6,6,15\r\n\t.db\t0,9,2,3\r\n\t.db\t0,8,2,3\r\n\t.db\t0,9,4,3\r\n\t.db\t0,8,4,3\r\n\t.db\t0,7,4,3\r\n\t.db\t0,6,6,30\r\n\t.db\t0,9,4,3\r\n\t.db\t0,8,4,3\r\n\t.db\t0,7,4,3\r\n\t.db\t0,6,4,3\r\n\t.db\t0,7,4,15\r\n\t.db\t0,8,2,3\r\n\t.db\t0,9,4,3\r\n\t.db\t0,6,4,3\r\n\t.db\t0,5,4,3\r\n\t.db\t0,4,4,80\r\n*/\r\n\t.db\t255,255,255,255  ; &lt;=== End of Music to Play \r\n\r\n\r\n;***********************************************\r\n; INITIALIZATION\r\n;***********************************************\r\n\r\nINIT:\r\n\r\n; Set PB0 and PB1 as output\r\n\r\n\t\tLdi \tTemp, (1&lt;&lt;PB0) | (1&lt;&lt;PB1)\t\r\n\t\tOut \tDDRB, Temp\r\n\r\n; Set PWM Mode\r\n; Togle OC0A on Compare\r\n\r\n\t\tLdi\tTemp, (1&lt;&lt;COM0A1) |(1&lt;&lt;WGM00) |(1&lt;&lt;WGM01)\r\n\t\tOut\tTCCR0A, Temp\t\t\t\t\t\t\r\n\r\n; Set PWM Clock equal to Internal Clock\r\n\r\n\t\tLdi \tTemp,  (1&lt;&lt;CS00) \r\n\t\tOut \tTCCR0B, Temp\t\t\t\t\t\t\r\n\r\n\t\tClr \tTablePtr\r\n\t\tClr \tr18\r\n\r\n;***********************************************\r\n; WILL READ \"MUSIC TO PLAY\" AND PLAY IT\r\n;***********************************************\r\n\r\nMusicLoop:\t\r\n\t\tLdi \tPlayerH,High(Music*2)\r\n\t\tLdi \tPlayerL,Low(Music*2)\r\nMusicLoop1:\r\n\t\tMov\tZL,PlayerL\r\n\t\tMov\tZH,PlayerH\r\n\t\tClr\tTemp\r\n\t\tAdiw\tZL,1\r\n\t\tLpm\r\n\t\tMov\tKeyNumber,R0\r\n\t\tCpi\tKeyNumber,255\r\n\t\tBreq\tMusicLoop\r\n\r\n\t\tAdiw\tZL,1\r\n\t\tLpm\r\n\t\tMov\tTempo,R0\r\n\r\n\t\tAdiw\tZL,1\r\n\t\tLpm\r\n\t\tMov\tTemp2,R0\r\n\r\n\t\tPush\tTemp2\r\n\t\tAdiw\tZL,1\r\n\t\tMov\tPlayerL,ZL\r\n\t\tMov\tPlayerH,ZH\r\n\t\tRcall\tGet_Tone\r\n\t\tPop\t\tTemp2\r\n\r\n\t\tRcall\tDelay1\t\r\n\t\tRjmp\tMusicLoop1\r\n\r\n;***********************************************\r\n; FIND PIANO KEY PROPERTIES (Frequency, etc)\r\n;***********************************************\r\n\r\nGet_Tone:\tLdi \tZH,High(KeysTable*2)\t\r\n\t\tLdi \tZL,Low(KeysTable*2)\r\n\t\tLsl\tKeyNumber\r\n\t\tLsl\tKeyNumber\r\n\t\tInc\tKeyNumber\r\n\t\tClr\tTemp\r\n\r\n\t\tAdd \tZL,KeyNumber\t\r\n\t\tAdc \tZH,Temp\r\n\t\tLpm\t\t\t\t\r\n\t\tMov \tTone1,R0\r\n\r\n\t\tAdiw\tZL,1\r\n\t\tLpm\r\n\t\tMov\tSineCntr,R0\r\n\r\n\t\tAdiw\tZL,1\r\n\t\tLpm\r\n\t\tMov\tSkipper,R0\r\n\r\n;***********************************************\r\n; CREATE SINEWAVE AND TEMPO IT, According to Key\r\n;***********************************************\r\n\r\nPlayer1:\tClr\tTemp1\r\nPlayer2:\tMov\tSineCntrTmp,SineCntr\r\nPlayer3:\tMov\tTone1Temp,Tone1\r\n\t\tRcall\tSet_PWM\r\n\r\n\t\tDec\tTone1Temp\r\n\t\tBrne\tPC-1\r\n\r\n\t\tDec\tTemp1\r\n\t\tBrne\tPlayer3\r\n\t\t\t\t\r\n\t\tSub\tSineCntrTmp,Skipper\r\n\t\tBrcc\tPlayer3\r\n\r\n\t\tDec\tTempo\r\n\t\tBrne\tPlayer2\r\n\r\n\t\tRet\r\n\r\n\r\nDelay1:\t\tClr\tTemp\r\n\t\tDec\tTemp\r\n\t\tBrne\tPc-1\r\n\r\n\t\tDec\tTemp1\r\n\t\tBrne\tPC-3\r\n\r\n\t\tDec\tTemp2\r\n\t\tBrne\tPc-5\r\n\r\n\t\tRet\r\n\r\n\r\nSet_PWM:\r\n\t\tLdi \tZH, High(sine_table*2)\t\r\n\t\tLdi \tZL, Low(sine_table*2)\r\n  \t\tClr\tTemp\r\n\t\tAdd \tZL, TablePtr\t\r\n\t\tAdc \tZH, Temp\r\n\t\tLpm\t\t\t\t\r\n\t\tOut \tOCR0A, R0\r\n\t\tAdd \tTablePtr,Skipper\r\n\t\tRet\r\n\r\n;***********************************************\r\n; PIANO KEY PROPERTIES (Frequency, etc)\r\n;***********************************************\r\n\r\nKeysTable:\r\n\t\r\n\t; 00, Tone, SineCntr, Skipper\r\n\r\n\t.db\t00,22,44,1\t\t; A5\r\n\t.db\t00,44,49,2\t\t; B5\r\n\t.db 00,65,53,3\t\t; C5\r\n\t.db\t00,36,59,2\t\t; D5\r\n\t.db\t00,88,66,5\t\t; E5\r\n\t.db\t00,47,70,3\t\t; F5\r\n\t.db\t00,89,79,6\t\t; G5\r\n\t.db\t00,107,88,8\t\t; A6\r\n\t.db\t00,95,99,8\t\t; B6\r\n\t.db\t00,89,106,8\t\t; C6\r\n\t.db\t00,79,119,8\t\t; D6\r\n\t.db\t00,79,132,9\t\t; E6\r\n\t.db\t00,74,141,9\t\t; F6\r\n\t.db\t00,73,159,10\t; G6\r\n\t.db\t00,41,176,8\t\t; A7\r\n\t.db\t00,36,198,8\t\t; B7\r\n\r\n;***********************************************\r\n; SINEWAVE VALUES\r\n;***********************************************\r\n\r\nsine_table:\r\n\t.db 128,131,134,137,140,144,147,150,153,156,159,162,165,168,171,174\r\n\t.db 177,179,182,185,188,191,193,196,199,201,204,206,209,211,213,216\r\n\t.db 218,220,222,224,226,228,230,232,234,235,237,239,240,241,243,244\r\n\t.db 245,246,248,249,250,250,251,252,253,253,254,254,254,254,254,254\r\n\t.db 254,254,254,254,254,254,254,253,253,252,251,250,250,249,248,246\r\n\t.db 245,244,243,241,240,239,237,235,234,232,230,228,226,224,222,220\r\n\t.db 218,216,213,211,209,206,204,201,199,196,193,191,188,185,182,179\r\n\t.db 177,174,171,168,165,162,159,156,153,150,147,144,140,137,134,131\r\n\t.db 128,125,122,119,116,112,109,106,103,100,97,94,91,88,85,82\r\n\t.db 79,77,74,71,68,65,63,60,57,55,52,50,47,45,43,40\r\n\t.db 38,36,34,32,30,28,26,24,22,21,19,17,16,15,13,12\r\n\t.db 11,10,8,7,6,6,5,4,3,3,2,2,2,1,1,1\r\n\t.db 1,1,1,1,2,2,2,3,3,4,5,6,6,7,8,10\r\n\t.db 11,12,13,15,16,17,19,21,22,24,26,28,30,32,34,36\r\n\t.db 38,40,43,45,47,50,52,55,57,60,63,65,68,71,74,77\r\n\t.db 79,82,85,88,91,94,97,100,103,106,109,112,116,119,122,125\r\n\r\n\r\n;  Piano Scale, the first note below, \"C\", is from the\r\n;  the 4th octave, 262Hz (261.6256Hz) and so on.\r\n;  The first \"A\" below, 440Hz is the A5 (fifth octave).\r\n;  The numbers nnn/x, means values to be loaded at Tone1\r\n;  and Skipper at the Keys on the Key Labels setup.\r\n;  The value in (parentesys) below is the aproximately\r\n;  frequency the circuit generates based on the setup.\r\n\r\n;  C4:  262Hz 109/3 (265.4)\r\n;  Db4: 277\r\n;  D4:  297    99/3 (298)\r\n;  Eb4: 311\r\n;  E4:  330    89/3 (329.5)\r\n;  F4:  349    83/3 (351.5)\r\n;  Gb4: 370\r\n;  G4:  392    73/3 (396)\r\n;  Ab4: 415\r\n;  A5:  440Hz  22/1 (440.5) \r\n;  Bb5: 466Hz\r\n;  B5:  494Hz  44/2 (496)   78/4 (497)\r\n;  C5:  523Hz  65/3 (530)   73/4 (528)\r\n;  Db5: 554\r\n;  D5:  587Hz 46/3 (600)   64/4 (595)\r\n;  Eb5: 622\r\n;  E5:  659Hz 41/3 (664)   57/4 (664) \r\n;  F5:  698Hz 38/3 (708)   53/4 (706)  68/5 (704.4)\r\n;  Gb5  740\r\n;  G5:  784Hz 33/3 (798)   46/4 (800)  60/5 (789)\r\n;  Ab5  831  \r\n;  A6:  880Hz 29/3 (889)   40/4 (885)  53/5 (882)\r\n;  Bb6  932\r\n;  B6:  987Hz 26/3 (971)   36/4 (989)\r\n;  C6:  1046  23/3 (1071)  32/4 (1065) 47/5 (1061)  53/6(1059) 63/7(1058)\r\n;  Db6  1109\r\n;  D6:  1174  20/3 (1193)  28/4 (1185) 38/5 (1181)\r\n;  Eb6  1245\r\n;  E6:  1318  17/3 (1346)  25/4 (1336) 33/5 (1331)  41/6(1327)\r\n;  F6:  1396  16/3 (1407)\r\n;  Gb6  1480\r\n;  G6:  1567  15/3 (1545)  20/4 (1591) 27/5 (1570)  33/6(1597) 40/7(1582)\r\n;  Aa6  1661\r\n;  A7:  1760\r\n;  Bb7  1865  35/7(1774)   41/8(1770)\r\n;  B7:  1975  31/7(1963)   36/8(1978)   \r\n;  C7:  2093  58/13(2116)  53/12(2117) 63/14(2114) \r\n;  Dd7  2217\r\n;  D7:  2349  7/3(2356)    20/6(2386) 29/8(2371) \r\n</code></pre>\r\n\r\n<p>&nbsp;</p>", "status": 2, "allow_comments": true, "author": 1, "tease": "", "modified": "2015-04-19T17:12:44.852Z", "publish": "2011-03-09T18:24:03Z", "created": "2015-04-17T21:34:07.047Z", "title": "USB stick", "slug": "usb-stick", "categories": [1]}, "model": "blog.post", "pk": 10}, {"fields": {"body": "<div class=\"flex-video oembed-provider- oembed-provider-vimeo\" data-align=\"none\" data-maxheight=\"315\" data-maxwidth=\"715\" data-oembed=\"https://vimeo.com/15690167\" data-oembed_provider=\"vimeo\" data-resizetype=\"responsive\"><iframe allowfullscreen=\"\" frameborder=\"0\" height=\"315\" mozallowfullscreen=\"\" src=\"https://player.vimeo.com/video/15690167\" title=\"Chemin\u00e9e\" webkitallowfullscreen=\"\" width=\"560\"></iframe></div>\r\n\r\n<p>&quot;Chemin&eacute;e&quot; - exhibited at &quot;Haus der Kunst&quot; in Munich until 3rd of October.<br />\r\n<a href=\"http://www.grossekunstausstellungmuenchen.de/\" target=\"_blank\">www.grossekunstausstellungmuenchen.de</a><br />\r\n&quot;Dann flackert&rsquo;s, prasselt&rsquo;s und knackt&rsquo;s gem&uuml;tlich, als w&uuml;rden Flammen &uuml;bers Holz lecken.&quot; (<a href=\"http://www.merkur-online.de/nachrichten/kultur/haus-kunst-kuschelhoehlen-ruinen-873727.html\" target=\"_blank\">M&uuml;nchner Merkur</a>)</p>\r\n\r\n<p>&nbsp;</p>\r\n", "status": 2, "allow_comments": true, "author": 1, "tease": "", "modified": "2015-04-17T22:17:44.761Z", "publish": "2010-09-11T22:14:37Z", "created": "2015-04-17T22:17:44.761Z", "title": "Chemin\u00e9e", "slug": "cheminee", "categories": [1]}, "model": "blog.post", "pk": 11}, {"fields": {"body": "<p>Some pictures and a video from the 2010 Media Architecture Biennale in Vienna, organised by <a href=\"http://www.mediaarchitecture.org\" target=\"_blank\">mediaarchitecture.org</a>. Exhibition is going on until October 31.</p>\r\n", "status": 1, "allow_comments": true, "author": 1, "tease": "", "modified": "2015-04-17T22:40:18.140Z", "publish": "2010-10-21T22:38:37Z", "created": "2015-04-17T22:40:18.140Z", "title": "Media Architecture Biennale", "slug": "media-architecture-biennale", "categories": [1]}, "model": "blog.post", "pk": 12}, {"fields": {"body": "<p><img alt=\"\" src=\"/media/files/350eb610/3e1c/4a0f/a407/4d129bb72036.PNG\" style=\"width: 496px; height: 437px;\" /></p>\r\n", "status": 2, "allow_comments": true, "author": 1, "tease": "", "modified": "2015-04-17T22:56:14.456Z", "publish": "2010-12-09T22:55:17Z", "created": "2015-04-17T22:56:14.455Z", "title": "start a fire!", "slug": "start-fire", "categories": [1]}, "model": "blog.post", "pk": 13}, {"fields": {"body": "<p>Some pics from the shift festival 2010. Enjoy!&nbsp;<br />\r\n<a href=\"http://mechatronicart.ch/diymakeaway\" target=\"_blank\">makeaway</a> | <a href=\"http://shiftfestival.ch\" target=\"_blank\">shift festival</a></p>\r\n\r\n<p><img alt=\"\" src=\"/media/files/30ed2757/406b/40e8/bee6/d82df6a923fa.jpg\" style=\"width: 500px; height: 375px;\" /></p>\r\n\r\n<p><img alt=\"\" src=\"/media/files/bc8f0c55/fe3b/46d8/8517/6410815fed87.jpg\" style=\"width: 500px; height: 375px;\" /></p>\r\n\r\n<p><img alt=\"\" src=\"/media/files/2e6aeaab/92c4/4ba0/b2b9/4ee3a7790e5d.jpg\" style=\"width: 500px; height: 375px;\" /></p>\r\n\r\n<p><img alt=\"\" src=\"/media/files/363da548/77e6/4e6c/8aa9/47c873fe3928.jpg\" style=\"width: 500px; height: 375px;\" /></p>\r\n\r\n<p><img alt=\"\" src=\"/media/files/a807f12d/998b/49eb/b512/449bd72a0657.jpg\" style=\"width: 500px; height: 375px;\" /><br />\r\nhow did i end up on the roof?</p>\r\n\r\n<p><img alt=\"\" src=\"/media/files/7f82da4b/b38b/4e48/93ac/1e3ddfc2e827.jpg\" style=\"width: 500px; height: 375px;\" /></p>\r\n\r\n<p>&nbsp;</p>\r\n", "status": 2, "allow_comments": true, "author": 1, "tease": "", "modified": "2015-04-17T23:03:44.431Z", "publish": "2010-11-02T22:57:37Z", "created": "2015-04-17T23:02:32.578Z", "title": "shift festival 2010", "slug": "shift-festival-2010", "categories": [1]}, "model": "blog.post", "pk": 14}, {"fields": {"body": "<p>ZAAK launched a <a href=\"http://kck.st/1HB3ADn\" target=\"_blank\">kickstarter</a> project for a&nbsp;web platform. It&#39;s about creating and sharing virtual reality apps for Google&#39;s cardboard. Check out the video below!</p>\r\n\r\n<p><iframe frameborder=\"0\" height=\"480\" scrolling=\"no\" src=\"https://www.kickstarter.com/projects/1376198060/myvr-vr-for-everyone/widget/video.html\" width=\"640\"></iframe></p>\r\n\r\n<p>Project status:<br />\r\n<iframe frameborder=\"0\" height=\"420\" scrolling=\"no\" src=\"https://www.kickstarter.com/projects/1376198060/myvr-vr-for-everyone/widget/card.html?v=2\" width=\"220\"></iframe><br />\r\n<a href=\"http://kck.st/1HB3ADn\" style=\"font-size: 36px;\" target=\"_blank\">http://kck.st/1HB3ADn</a></p>\r\n", "status": 2, "allow_comments": true, "author": 1, "tease": "", "modified": "2015-06-09T21:55:54.470Z", "publish": "2015-05-29T23:39:10Z", "created": "2015-05-30T00:37:38.086Z", "title": "MYVR", "slug": "myvr", "categories": [1]}, "model": "blog.post", "pk": 15}, {"fields": {"body": "<p>Zurich media festival:&nbsp;16-18 July, Oberer Letten.&nbsp;<a href=\"http://www.poolloop.ch\" target=\"_blank\">www.poolloop.ch</a></p>\r\n\r\n<p><img alt=\"\" src=\"/media/files/803966bc/8a80/4a62/856d/c6735467f44e.png\" style=\"width: 1900px; height: 1000px;\" /></p>\r\n", "status": 2, "allow_comments": true, "author": 1, "tease": "", "modified": "2015-06-19T21:02:41.848Z", "publish": "2015-06-18T18:55:48Z", "created": "2015-06-19T20:58:39.937Z", "title": "poolloop", "slug": "poolloop", "categories": [1]}, "model": "blog.post", "pk": 16}, {"fields": {"body": "<p>This is your last chance to support the great upcoming WEB based VR platform I&#39;m developing with ZAAK.io. Check out the video and get a dark shader Google cardboard while you can!</p>\r\n\r\n<blockquote class=\"twitter-tweet\" lang=\"en\">\r\n<p dir=\"ltr\" lang=\"en\">myvr kickstarter is up! <a href=\"https://t.co/IlXGPQkP8o\">https://t.co/IlXGPQkP8o</a></p>\r\n&mdash; stahl (@stahlnow) <a href=\"https://twitter.com/stahlnow/status/604387342095388672\">May 29, 2015</a></blockquote>\r\n<script async src=\"//platform.twitter.com/widgets.js\" charset=\"utf-8\"></script>", "status": 2, "allow_comments": true, "author": 1, "tease": "", "modified": "2015-07-10T07:58:08.070Z", "publish": "2015-07-10T06:21:26Z", "created": "2015-07-10T06:21:58.314Z", "title": "MYVR - only 3 days left!", "slug": "myvr-only-3-days-left", "categories": [1]}, "model": "blog.post", "pk": 17}, {"fields": {"body": "<blockquote class=\"instagram-media\" data-instgrm-captioned=\"\" data-instgrm-version=\"6\" style=\" background:#FFF; border:0; border-radius:3px; box-shadow:0 0 1px 0 rgba(0,0,0,0.5),0 1px 10px 0 rgba(0,0,0,0.15); margin: 1px; max-width:658px; padding:0; width:99.375%; width:-webkit-calc(100% - 2px); width:calc(100% - 2px);\">\r\n<div style=\"padding:8px;\">\r\n<div style=\" background:#F8F8F8; line-height:0; margin-top:40px; padding:50% 0; text-align:center; width:100%;\">\r\n<div style=\" background:url(data:image/png;base64,iVBORw0KGgoAAAANSUhEUgAAACwAAAAsCAMAAAApWqozAAAAGFBMVEUiIiI9PT0eHh4gIB4hIBkcHBwcHBwcHBydr+JQAAAACHRSTlMABA4YHyQsM5jtaMwAAADfSURBVDjL7ZVBEgMhCAQBAf//42xcNbpAqakcM0ftUmFAAIBE81IqBJdS3lS6zs3bIpB9WED3YYXFPmHRfT8sgyrCP1x8uEUxLMzNWElFOYCV6mHWWwMzdPEKHlhLw7NWJqkHc4uIZphavDzA2JPzUDsBZziNae2S6owH8xPmX8G7zzgKEOPUoYHvGz1TBCxMkd3kwNVbU0gKHkx+iZILf77IofhrY1nYFnB/lQPb79drWOyJVa/DAvg9B/rLB4cC+Nqgdz/TvBbBnr6GBReqn/nRmDgaQEej7WhonozjF+Y2I/fZou/qAAAAAElFTkSuQmCC); display:block; height:44px; margin:0 auto -44px; position:relative; top:-22px; width:44px;\">&nbsp;</div>\r\n</div>\r\n\r\n<p style=\" margin:8px 0 0 0; padding:0 4px;\"><a href=\"https://www.instagram.com/p/ycmmN0yZKu/\" style=\" color:#000; font-family:Arial,sans-serif; font-size:14px; font-style:normal; font-weight:normal; line-height:17px; text-decoration:none; word-wrap:break-word;\" target=\"_blank\">Really loving my #rosetta #coffee cup</a></p>\r\n\r\n<p style=\" color:#c9c8cd; font-family:Arial,sans-serif; font-size:14px; line-height:17px; margin-bottom:0; margin-top:8px; overflow:hidden; padding:8px 0 7px; text-align:center; text-overflow:ellipsis; white-space:nowrap;\">A photo posted by @stahlnow on <time datetime=\"2015-01-29T17:52:44+00:00\" style=\" font-family:Arial,sans-serif; font-size:14px; line-height:17px;\">Jan 29, 2015 at 9:52am PST</time></p>\r\n</div>\r\n</blockquote>\r\n<script async defer src=\"//platform.instagram.com/en_US/embeds.js\"></script>", "status": 2, "allow_comments": true, "author": 1, "tease": "", "modified": "2016-04-21T21:14:04.207Z", "publish": "2016-04-21T21:06:43Z", "created": "2016-04-21T21:14:04.207Z", "title": "Thx, Brandon!", "slug": "thx-brandon", "categories": [1]}, "model": "blog.post", "pk": 18}, {"fields": {"body": "<iframe width=\"560\" height=\"315\" src=\"https://www.youtube.com/embed/6JotGROTf1Q\" frameborder=\"0\" allowfullscreen></iframe>", "status": 2, "allow_comments": true, "author": 1, "tease": "", "modified": "2016-04-21T21:32:29.072Z", "publish": "2016-04-21T21:31:18Z", "created": "2016-04-21T21:32:29.065Z", "title": "VLR - Research: Heinrich Mueller Mix", "slug": "vlr-research-heinrich-mueller-mix", "categories": [1]}, "model": "blog.post", "pk": 19}, {"fields": {"body": "<script src=\"https://gist.github.com/anonymous/7cb6677b8df3b8a3493937f82ede2c5b.js\"></script>", "status": 1, "allow_comments": true, "author": 1, "tease": "", "modified": "2016-06-12T14:54:03.415Z", "publish": "2016-06-12T14:53:37Z", "created": "2016-06-12T14:54:03.415Z", "title": "test", "slug": "test", "categories": [1]}, "model": "blog.post", "pk": 21}, {"fields": {"body": "<p>Today I soldered an electro-magnetic sound device from <a href=\"https://lom.audio/\" target=\"_blank\">LOM</a> electronics. I also lasered a simple case for it. I still have some pcb left, please <a href=\"/about\">contact</a> me if you want one.</p>\r\n\r\n<p><img alt=\"\" src=\"/media/files/18d83bd2/200c/444e/a86a/602cbf0a900d.jpg\" style=\"width: 1024px; height: 833px;\" /></p>\r\n", "status": 2, "allow_comments": true, "author": 1, "tease": "", "modified": "2017-06-26T12:47:53.720Z", "publish": "2017-06-25T12:36:31Z", "created": "2017-06-26T12:35:37.309Z", "title": "Elektrosluch", "slug": "elektrosluch", "categories": [1]}, "model": "blog.post", "pk": 22}, {"fields": {"slug": "art", "title": "Art"}, "model": "projects.category", "pk": 1}, {"fields": {"slug": "professional", "title": "Professional"}, "model": "projects.category", "pk": 2}, {"fields": {"body": "<div class=\"row\">\r\n<div class=\"columns large-8\" style=\"text-align: justify;\">\r\n<p>NOVA is a 3d voxel display. It was developed by ETH Zurich together with private companies. NOVA at Mainstation Zurich is made of 25&#39;000 voxels (each containing 12 LEDs). It has a refresh rate of 25Hz and a color resolution of 24Bit (16,777,216 colors), which makes it pretty amazing :-).</p>\r\n\r\n<p>horao gmbh, an ETH spin-off company, is further developing and marketing NOVA.</p>\r\n\r\n<p style=\"line-height: 20.7999992370605px;\">official website:<a href=\"http://www.nova.ethz.ch\" target=\"_blank\"> www.nova.ethz.ch</a><br />\r\n<a href=\"https://vimeo.com/babynova\" target=\"_blank\">vimeo</a>&nbsp;channel</p>\r\n</div>\r\n</div>\r\n\r\n<p style=\"line-height: 20.7999992370605px;\"><span style=\"line-height: 1.6;\">Stuff I did for NOVA (ETH Zurich or clients of horao, incomplete listing):</span></p>\r\n\r\n<ul>\r\n\t<li><span style=\"font-size:12px;\">BASELWORLD 2008, Bertolucci - content programming</span></li>\r\n\t<li><span style=\"font-size:12px;\">EURO 2008 Flaggenmix, Z&uuml;rich, 2008 - content programming</span></li>\r\n\t<li><span style=\"font-size:12px;\">Media Facades Festival, Berlin, 2008 - content programming, custom software</span></li>\r\n\t<li><span style=\"font-size:12px;\">Stuttgarter Symposium, Alban Gerhardt, 2009 - SoundToVisual content programming</span></li>\r\n\t<li><span style=\"font-size:12px;\">2009 Shanghai International Science &amp; Art Exhibition, 2009 - SoundToVisual content programming</span></li>\r\n\t<li><span style=\"font-size:12px;\">5th Anniversary Celebrations of swissnex Singapore, 2009 - SoundToVisual content programming</span></li>\r\n\t<li><span style=\"font-size:12px;\">ISEA 2009, Squidsoup@Ormeau Baths Gallery, Belfast - helping with setup in gallery</span></li>\r\n\t<li><span style=\"font-size:12px;\">Nacht der Forschung, Z&uuml;rich, 2009 - content</span></li>\r\n\t<li><span style=\"font-size:12px;\">Installation Technopark Z&uuml;rich, 2009 - custom software, motion detection</span></li>\r\n\t<li><span style=\"font-size:12px;\">ETH unterwegs, 2009 - custom software, vj interface (lemur touchscreen)</span></li>\r\n\t<li><span style=\"font-size:12px;\">Gro&szlig;e Kunstausstellung 2010, Haus der Kunst, Munich - installation, software, microchip, sensors</span></li>\r\n\t<li><span style=\"font-size:12px;\">Media Architecture Biennale, Vienna, 2010 - installation, software, microchip, sensors</span></li>\r\n\t<li><span style=\"font-size:12px;\">5 years NOVA, Zurich Mainstation, 2011 - SoundToVisuals</span></li>\r\n\t<li><span style=\"font-size:12px;\">Konzert I with&nbsp;Collegium Novum Zurich, Zurich, 2012 - Visualization / SoundToVisuals</span></li>\r\n\t<li><span style=\"font-size:12px;\">Konzert II with&nbsp;Nik B&auml;rtsch, Zurich, 2012 - Visualization / SoundToVisuals</span></li>\r\n</ul>\r\n\r\n<p><img alt=\"\" src=\"/media/files/db89fbdd/b107/4b22/8c5f/9f0baf5142ca.jpg\" style=\"width: 1024px; height: 815px;\" /></p>\r\n\r\n<p><img alt=\"\" src=\"/media/files/2cb1ab69/8a7b/41cd/8fab/cb7b7b058f6b.jpg\" style=\"line-height: 20.7999992370605px; width: 1024px; height: 812px;\" /><br style=\"line-height: 20.7999992370605px;\" />\r\n<span style=\"line-height: 20.7999992370605px;\">NOVA at Zurich Mainstation.</span></p>\r\n\r\n<p><img alt=\"\" src=\"/media/files/a9d900eb/a56b/4b06/aa64/0673c12318ea.JPG\" style=\"width: 1024px; height: 768px;\" /></p>\r\n\r\n<div class=\"show-for-medium-up\">\r\n<div class=\"my-flex-video\">\r\n<video autoplay=\"autoplay\" height=\"425\" id=\"video2015230203412\" loop=\"loop\" poster=\"/media/files/94452682/b9e8/46c9/b0eb/c1902e70fd3f.png\" width=\"755\"><source src=\"/media/files/2378d3cc/a026/4bb4/a28a/d8604b2f0e3d.mp4\" type=\"video/mp4\" />Your browser doesn&#39;t support video.<br />\r\nPlease download the file: <a href=\"/media/files/2378d3cc/a026/4bb4/a28a/d8604b2f0e3d.mp4\">video/mp4</a></video>\r\n</div>\r\n\r\n<p>Realtime visuals on the NOVA (2012, Mainstation Zurich) for Steve Reich&#39;s &bdquo;Different Trains&rdquo;&nbsp;performed with the&nbsp;Collegium Novum Z&uuml;rich. Form, colors and transformation of the visuals are being controlled&nbsp;based on the&nbsp;fast fourrier transform algorithm.</p>\r\n\r\n<div class=\"my-flex-video\">\r\n<video autoplay=\"autoplay\" height=\"425\" id=\"video2015230203255\" loop=\"loop\" poster=\"/media/files/bf80bd10/b671/468f/a06f/1de7186463dd.png\" width=\"755\"><source src=\"/media/files/951b90d4/ba25/4f06/ade7/9ec939c7aadc.mp4\" type=\"video/mp4\" />Your browser doesn&#39;t support video.<br />\r\nPlease download the file: <a href=\"/media/files/951b90d4/ba25/4f06/ade7/9ec939c7aadc.mp4\">video/mp4</a></video>\r\n</div>\r\n</div>\r\n\r\n<p><img alt=\"\" src=\"/media/files/070c8a35/31ec/40c6/98b2/9aa791cf7ae9.jpg\" style=\"width: 726px; height: 522px;\" /><br />\r\nScreenshot of NOVA Simulator.</p>\r\n\r\n<p><img alt=\"\" src=\"/media/files/52a6503c/df13/4856/8383/794aeabbaebe.jpg\" style=\"width: 1024px; height: 683px;\" /><br />\r\nGrosse Kunstausstellung 2010, Munich, installation view.</p>\r\n\r\n<p><img alt=\"\" src=\"/media/files/727104e9/abc1/409b/aa43/4992de5c8792.JPG\" style=\"width: 1024px; height: 768px;\" /><br />\r\nBaby NOVA at Technopark Zurich (permanent installation). Visuals are generated in real time constantly changing on motion detection.</p>\r\n\r\n<p><img alt=\"\" src=\"/media/files/7dd29480/f863/4305/9143/e6f8854b76c9.JPG\" style=\"width: 1024px; height: 768px;\" /><br />\r\nShot during setup for Baselworld 2008.</p>\r\n", "status": 2, "allow_comments": true, "my_order": 3, "author": 1, "title": "NOVA", "modified": "2016-06-12T17:42:21.428Z", "publish": "2010-01-01T11:33:26Z", "created": "2015-03-31T11:40:35.371Z", "teaser": 17, "category": 2, "slug": "nova"}, "model": "projects.project", "pk": 1}, {"fields": {"body": "<div class=\"row\">\r\n<div class=\"columns large-8\" style=\"text-align: justify;\">\r\n<p>Noisetracks is an android app for recording and sharing sounds. The sounds are geo located and can be looped and pitched.&nbsp;The app is still in its beta testing phase.</p>\r\n\r\n<p>Website:<a href=\"http://www.noisetracks.com\" target=\"_blank\"> www.noisetracks.com</a></p>\r\n\r\n<p><img alt=\"\" src=\"/media/files/81e2113f/73b2/4693/8da1/cc728f91b248.png\" style=\"width: 300px; height: 514px;\" /><img alt=\"\" src=\"/media/files/18066d06/c118/4f1e/89f6/fa3dc24a5647.png\" style=\"width: 300px; height: 514px;\" /></p>\r\n</div>\r\n</div>\r\n", "status": 2, "allow_comments": true, "my_order": 2, "author": 1, "title": "Noisetracks", "modified": "2016-08-15T13:34:56.426Z", "publish": "2013-06-20T11:45:36Z", "created": "2015-03-31T11:48:12.426Z", "teaser": 4, "category": 1, "slug": "noisetracks"}, "model": "projects.project", "pk": 2}, {"fields": {"body": "<div class=\"row\">\r\n<div class=\"columns large-8\" style=\"text-align: justify;\">\r\n<p>Arthur are three networked LED light machines that act as a public communication system for the Theatre of the Arts in Zurich. With their own sign language they act as a medium to promote and organise student projects on site and online.</p>\r\n\r\n<p>2d Binary codes are displayed and can be scanned by mobile phones forwarding to the web thus turning Arthur in a gateway to the online world. Next to that, Arthur is displaying twitter feeds in realtime.</p>\r\n</div></div>\r\n\r\n<div class=\"flex-video oembed-provider- oembed-provider-youtube\" data-align=\"none\" data-maxheight=\"315\" data-maxwidth=\"715\" data-oembed=\"https://www.youtube.com/watch?v=OTQIbXFwwUc\" data-oembed_provider=\"youtube\" data-resizetype=\"responsive\"><iframe allowfullscreen=\"true\" allowscriptaccess=\"always\" frameborder=\"0\" height=\"315\" scrolling=\"no\" src=\"//www.youtube.com/embed/OTQIbXFwwUc?wmode=transparent&amp;jqoemcache=sdUHV\" width=\"383.5959885386819\"></iframe></div>\r\n\r\n<p>installation of the prototype (first version had black painted wood).</p>\r\n\r\n<p>server software (done with Qt).</p>\r\n\r\n<p>vvvv patch.</p>\r\n\r\n<p>live video feed from vvvv.</p>\r\n", "status": 2, "allow_comments": true, "my_order": 4, "author": 1, "title": "Arthur", "modified": "2016-06-12T17:44:02.540Z", "publish": "2011-02-01T12:26:14Z", "created": "2015-03-31T12:34:18.712Z", "teaser": 78, "category": 2, "slug": "arthur"}, "model": "projects.project", "pk": 3}, {"fields": {"body": "<p>Ultra regional terrestrial TV! Website: <a href=\"http://www.watchywalky.tv/\" target=\"_blank\">WatchyWalkyTV</a><br />\r\n<img alt=\"\" src=\"/media/files/67fe7513/d762/4d54/b189/14e7933555ac.jpg\" style=\"width: 595px; height: 377px;\" /><br />\r\n<br />\r\n<img alt=\"\" src=\"/media/files/3d5b85b6/0620/437f/b114/ae7614d15a49.jpg\" style=\"width: 595px; height: 317px;\" /><br />\r\nThe WatchyWalkyTV bus with antennas on the roof.<br />\r\n<br />\r\n<img alt=\"\" src=\"/media/files/e134ca2e/9d27/4024/b2e0/914738e7c9c4.jpg\" style=\"width: 595px; height: 317px;\" /><br />\r\nVideo mixer&nbsp;and&nbsp;preview screens inside the bus.<br />\r\n<br />\r\n<img alt=\"\" src=\"/media/files/c4cad098/cedc/4631/84c2/6c4efb6e7143.jpg\" style=\"width: 595px; height: 317px;\" /><br />\r\nPerforming live on air.</p>\r\n\r\n<p><img alt=\"\" src=\"/media/files/ba9e53e4/c143/4757/a63e/a3336ffe8628.jpg\" style=\"line-height: 20.7999992370605px; width: 595px; height: 345px;\" /><span style=\"line-height: 20.7999992370605px;\">-</span><br style=\"line-height: 20.7999992370605px;\" />\r\n<span style=\"line-height: 20.7999992370605px;\">Custom 3G modem software.</span><br style=\"line-height: 20.7999992370605px;\" />\r\n<br style=\"line-height: 20.7999992370605px;\" />\r\n<img alt=\"\" src=\"/media/files/163d5975/fd57/4ce8/a572/4739254cbc34.jpg\" style=\"line-height: 20.7999992370605px; width: 400px; height: 237px;\" /><br style=\"line-height: 20.7999992370605px;\" />\r\n<span style=\"line-height: 20.7999992370605px;\">The modem.</span></p>\r\n\r\n<p><img alt=\"\" src=\"/media/files/35ee8cd7/ca0d/4a53/a398/6912f355f420.gif\" style=\"width: 595px; height: 237px;\" /></p>\r\n", "status": 2, "allow_comments": true, "my_order": 5, "author": 1, "title": "WatchyWalkyTV", "modified": "2017-01-06T21:27:14.439Z", "publish": "2008-07-01T18:10:20Z", "created": "2015-04-13T18:16:16.869Z", "teaser": 38, "category": 1, "slug": "watchy-walky-tv"}, "model": "projects.project", "pk": 4}, {"fields": {"body": "<div class=\"row\">\r\n<div class=\"columns large-8\" style=\"text-align: justify;\">\r\n<p>Game Of Sound is an audio visual software which generates algorithmic music based on cellular automata. The name comes from John Conway&#39;s famous Game Of Life. The dynamic system of cellular automata is used to generate sounds and visuals at the same time. The unpredictable states of the automata lead to complex and surprising sounds and visuals.</p>\r\n\r\n<p>The software interfaces with Open Sound Control (OSC) to other audio software (pure data, max/msp, Reaktor) which does the audio synthesis.</p>\r\n\r\n<p>Game Of Sound can be interactively played by one or more performers.</p>\r\n</div></div>\r\n<p>live performances<br />\r\nSa, 21.03.2009: Live show at <a href=\"http://www.pixelpunx.ch/vjstammtisch/\" target=\"_blank\">Videostammtisch</a>.<br />\r\nFr, 12.09.2008: Live show at <a href=\"http://elektro-lux.net/\" target=\"_blank\">elektro-lux v.9</a>.<br />\r\nFr, 09.05.2008: Live show at <a href=\"http://www.mehrspur.ch/\" target=\"_blank\">generator #12</a>.</p>\r\n\r\n<p>downloads<br />\r\n<a href=\"/media/gameofsound2x.zip\">GP2X version 1.0.0</a></p>\r\n\r\n<div class=\"flex-video oembed-provider- oembed-provider-vimeo\" data-align=\"none\" data-maxheight=\"315\" data-maxwidth=\"715\" data-oembed=\"https://vimeo.com/6639467\" data-oembed_provider=\"vimeo\" data-resizetype=\"responsive\"><iframe allowfullscreen=\"\" frameborder=\"0\" height=\"315\" mozallowfullscreen=\"\" src=\"https://player.vimeo.com/video/6639467\" title=\"Game Of Sound - White Session\" webkitallowfullscreen=\"\" width=\"420\"></iframe></div>\r\n\r\n<p><img alt=\"\" src=\"/media/files/3886ef63/9caa/4955/b93d/d11008435237.jpg\" style=\"width: 826px; height: 642px;\" /></p>\r\n\r\n<p><img alt=\"\" src=\"/media/files/d15698ca/73ff/488e/87a9/b13d8455fe51.JPG\" style=\"width: 1024px; height: 768px;\" /><br />\r\nGame of Sound&nbsp;for Gamepark&#39;s open source linux handheld console GP2X.</p>\r\n\r\n<p><img alt=\"\" src=\"/media/files/a4de7a6b/715a/44fd/87ad/c7bbc4862594.gif\" style=\"width: 1024px; height: 768px;\" /><br />\r\nNintendo DS version.</p>\r\n", "status": 2, "allow_comments": true, "my_order": 10, "author": 1, "title": "Game Of Sound", "modified": "2016-06-12T17:46:29.325Z", "publish": "2007-09-23T19:52:59Z", "created": "2015-04-13T19:56:56.952Z", "teaser": 45, "category": 1, "slug": "game-of-sound"}, "model": "projects.project", "pk": 5}, {"fields": {"body": "<div class=\"row\">\r\n<div class=\"columns large-8\" style=\"text-align: justify;\">\r\n<p>Visual Thesaurus is based on wikipedia.org and Google images search. The articles of the english Wikipedia are building the vocabulary of the thesaurus. The terms are fed to the Google images search. The first hit of the search results and the title of the article represent the concept. Around this concept, thematically related terms are shown. The terms act as hyperlinks to new concepts. This way, an associative word-image-net (with sometimes iconic character) is evolving.</p>\r\n\r\n<p>Visual Thesaurus can be useful as a research tool, but can be explored as a sort of hyper fictional construct aswell.</p>\r\n\r\n<p>This project is possible through a webservice offered by <a href=\"http://www.wikipedia-lab.org/\" target=\"_blank\">wikipedia-lab</a>.</p>\r\n</div></div>\r\n<p>&nbsp;</p>\r\n\r\n<p><img alt=\"\" src=\"/media/files/e14a7b6b/8bd6/4421/92ac/0288978c4a4f.jpg\" style=\"width: 1024px;\" /></p>\r\n\r\n<p><img alt=\"\" src=\"/media/files/2337d5ef/4e2e/41dd/90d7/4e181e4b0eb2.jpg\" style=\"width: 1024px;\" /></p>\r\n\r\n<p><img alt=\"\" src=\"/media/files/c0642b9a/ecb6/46e6/a102/98be0d34ed47.jpg\" style=\"width: 1024px; height: 819px;\" /></p>\r\n\r\n<p><img alt=\"\" src=\"/media/files/0cac8581/e218/4515/9c87/3bc3a7ac2b8d.jpg\" style=\"width: 1024px; height: 819px;\" /></p>\r\n\r\n<p><img alt=\"\" src=\"/media/files/b965e07c/49cb/4445/980c/fc47de05c53d.jpg\" style=\"width: 1024px; height: 819px;\" /></p>\r\n\r\n<p><img alt=\"\" src=\"/media/files/9b30d8e4/a032/4106/83aa/b76254d9418b.jpg\" style=\"width: 1024px; height: 819px;\" /></p>\r\n", "status": 2, "allow_comments": true, "my_order": 6, "author": 1, "title": "Visual Thesaurus", "modified": "2016-06-12T17:45:10.489Z", "publish": "2008-06-24T10:00:05Z", "created": "2015-04-14T10:03:54.441Z", "teaser": 26, "category": 1, "slug": "visual-thesaurus"}, "model": "projects.project", "pk": 6}, {"fields": {"body": "<div class=\"row\">\r\n<div class=\"columns large-8\" style=\"text-align: justify;\">\r\n<p>&bdquo;BLACK CIRCLES&ldquo; is an experimental software, developed for nintendo&#39;s DS handheld console. It&#39;s a mixture of a game, simulation and generative music. The project was developed in collaboration with Aurelio Lucchesi.</p>\r\n\r\n<p>&bdquo;BLACK CIRCLES&ldquo; is evaluating the console as an artistic and playful tool and means of expression. Beyond super mario black circles are part of a simulation and produce disturbing noise. The game can be controlled by touchscreen and motion sensors.</p>\r\n</div></div>\r\n<p>download<br />\r\n<a href=\"/media/BLACK_CIRCLES_v001.zip\">BLACK_CIRCLES_v001.zip</a></p>\r\n\r\n<p>even more fun with ds motion card! (not shown in youtube video..)</p>\r\n\r\n<div class=\"flex-video oembed-provider- oembed-provider-youtube\" data-align=\"none\" data-maxheight=\"315\" data-maxwidth=\"715\" data-oembed=\"https://www.youtube.com/watch?v=dvPkWbO4jjI\" data-oembed_provider=\"youtube\" data-resizetype=\"responsive\"><iframe allowfullscreen=\"true\" allowscriptaccess=\"always\" frameborder=\"0\" height=\"315\" scrolling=\"no\" src=\"//www.youtube.com/embed/dvPkWbO4jjI?wmode=transparent&amp;jqoemcache=75ZF6\" width=\"383.5959885386819\"></iframe></div>\r\n\r\n<p><img alt=\"\" src=\"/media/files/10e38cc3/d106/4b0f/a9d4/73b2794c9102.jpg\" style=\"line-height: 20.7999992370605px; width: 1024px; height: 825px;\" /></p>\r\n\r\n<p><img alt=\"\" src=\"/media/files/e6061d66/212a/4f28/b656/6f71cc95fb27.jpg\" style=\"width: 1024px; height: 1007px;\" /></p>\r\n\r\n<p>&nbsp;</p>\r\n", "status": 2, "allow_comments": true, "my_order": 7, "author": 1, "title": "BLACK CIRCLES", "modified": "2016-06-12T17:45:28.884Z", "publish": "2006-11-01T11:24:46Z", "created": "2015-04-14T11:30:32.566Z", "teaser": 22, "category": 1, "slug": "black-circles"}, "model": "projects.project", "pk": 7}, {"fields": {"body": "<p><img alt=\"\" src=\"/media/files/e9325503/9aaf/40df/b294/157f3548d943.jpg\" style=\"width: 1024px; height: 768px;\" /></p>\r\n\r\n<p><img alt=\"\" src=\"/media/files/f2e405d8/05cf/414f/916c/9e5c4bc8ad8f.JPG\" style=\"line-height: 20.7999992370605px; width: 1024px; height: 768px;\" /></p>\r\n\r\n<p><img alt=\"\" src=\"/media/files/e710effa/634d/4611/9362/026afe7c3997.JPG\" style=\"width: 1024px; height: 768px;\" /></p>\r\n\r\n<p><img alt=\"\" src=\"/media/files/f9189715/1ee4/4b4b/af15/83ebbe6072b6.jpg\" style=\"width: 1024px; height: 768px;\" /></p>\r\n\r\n<p><img alt=\"\" src=\"/media/files/7bb6c221/15bb/46e2/8d20/60a697f6d15a.jpg\" style=\"width: 1024px; height: 768px;\" /></p>\r\n", "status": 2, "allow_comments": true, "my_order": 12, "author": 1, "title": "Memento", "modified": "2015-04-14T13:27:25.819Z", "publish": "2007-06-01T11:33:28Z", "created": "2015-04-14T11:39:53.329Z", "teaser": 46, "category": 1, "slug": "memento"}, "model": "projects.project", "pk": 8}, {"fields": {"body": "<div class=\"row\">\r\n<div class=\"columns large-8\" style=\"text-align: justify;\">\r\n<p>&quot;Community Browser&quot; is a permanent&nbsp;installation in <a href=\"http://www.dock18.ch/\" target=\"_blank\">dock18</a>&nbsp;-&nbsp;space for media cultures of the world. It was originally installed for a series of events, where swiss online communities were invited. The installation consists of a touchscreen where visitors can draw&nbsp;on a digital canvas <span style=\"line-height: 20.7999992370605px;\">with simplistic tools</span>.&nbsp;Visitors can&nbsp;also look at&nbsp;other drawings.&nbsp;The touchscreen is embeded in the community wall, a&nbsp;wooden panel with special blackboard color applied.</p>\r\n</div></div>\r\n<p><img alt=\"\" src=\"/media/files/44cb8026/d703/4294/a501/b70abf2396f1.jpg\" style=\"width: 1024px; height: 700px;\" /></p>\r\n", "status": 2, "allow_comments": true, "my_order": 11, "author": 1, "title": "Community Browser", "modified": "2016-06-12T17:47:10.375Z", "publish": "2007-06-01T12:56:14Z", "created": "2015-04-14T12:59:59.988Z", "teaser": 49, "category": 1, "slug": "community-browser"}, "model": "projects.project", "pk": 9}, {"fields": {"body": "<p>Internet of Things &nbsp;(IoT) demo application for the <a href=\"http://www.zaak.ch\" target=\"_blank\">ZAAK</a> showroom.</p>\r\n\r\n<div class=\"flex-video oembed-provider- oembed-provider-vimeo\" data-align=\"none\" data-maxheight=\"315\" data-maxwidth=\"715\" data-oembed=\"https://vimeo.com/49541095\" data-oembed_provider=\"vimeo\" data-resizetype=\"responsive\"><iframe allowfullscreen=\"\" frameborder=\"0\" height=\"315\" mozallowfullscreen=\"\" src=\"https://player.vimeo.com/video/49541095\" title=\"I.O.T.\" webkitallowfullscreen=\"\" width=\"560\"></iframe></div>\r\n\r\n<p>&nbsp;</p>\r\n", "status": 2, "allow_comments": true, "my_order": 9, "author": 1, "title": "Internet of Things Demo", "modified": "2015-04-14T13:28:53.946Z", "publish": "2012-07-01T13:15:32Z", "created": "2015-04-14T13:16:46.031Z", "teaser": 50, "category": 2, "slug": "iot"}, "model": "projects.project", "pk": 10}, {"fields": {"body": "<div class=\"row\">\r\n<div class=\"columns large-8\" style=\"text-align: justify;\">\r\n<p>The <a href=\"http://www.zaak.ch/\" target=\"_blank\">ZAAK</a> mirror screen creates an abstract 3d portrait of the person standing in front of it. The mirror screen is composed of a partial transparent spy mirror and a 42&quot; LCD screen. Microsofts kinect camera was used as a basis for the 3d imagary. The abstraction in forms of polygons was generated using the technique of <a href=\"http://en.wikipedia.org/wiki/Delaunay_triangulation\" target=\"_blank\">delaunay triangulation</a>. Integrated in the box was a mobile printer that could print a snapshot on photo paper.</p>\r\n</div></div>\r\n<div class=\"flex-video oembed-provider- oembed-provider-vimeo\" data-align=\"none\" data-maxheight=\"315\" data-maxwidth=\"715\" data-oembed=\"https://vimeo.com/76591983\" data-oembed_provider=\"vimeo\" data-resizetype=\"responsive\"><iframe allowfullscreen=\"\" frameborder=\"0\" height=\"315\" mozallowfullscreen=\"\" src=\"https://player.vimeo.com/video/76591983\" title=\"Interactive Mirror Screen\" webkitallowfullscreen=\"\" width=\"560\"></iframe></div>\r\n\r\n<p>&nbsp;</p>\r\n", "status": 2, "allow_comments": true, "my_order": 8, "author": 1, "title": "Mirror Screen", "modified": "2016-06-12T17:45:52.641Z", "publish": "2013-08-20T13:21:44Z", "created": "2015-04-14T13:23:37.761Z", "teaser": 51, "category": 2, "slug": "mirror-screen"}, "model": "projects.project", "pk": 11}, {"fields": {"body": "<div class=\"row\">\r\n<div class=\"columns large-8\" style=\"text-align: justify;\">\r\n<p>The word Synestizer is a blend of the word synthesizer (electric signals converted into sounds) and synaesthesia (sensation together). The synestizer is an attempt to sonify the live imagery of a (web-)camera by making colour-values audible in different ways. The idea behind the synestizer is to let visual and audio-input interact to tickle the synapse between your ears and eyes. In many ways visualizers (including screensavers) do this by transforming sound into animated or generated graphics. The synestizer tries to do the opposite as it translates Red, Green and Blue values to sound. For this effect or let&rsquo;s say &bdquo;sense&ldquo; there are new methods and techniques explored, developed and spread online.</p>\r\n\r\n<p>Got chrome or opera browser? Head to&nbsp;<a href=\"http://www.synestizer.com\" target=\"_blank\">www.synestizer.com</a> and give it a try! You may also check it out on your (powerfull) Android phone/tablet.</p>\r\n\r\n<p>This is work in progress. Code is on <a href=\"https://github.com/synestize/synestizer\" target=\"_blank\">github</a>.</p>\r\n</div>\r\n</div>\r\n\r\n<p><img alt=\"\" src=\"/media/files/b3e28331/c561/4061/a62e/56b4c26152af.png\" style=\"width: 2048px; height: 1536px;\" /></p>\r\n", "status": 2, "allow_comments": true, "my_order": 1, "author": 1, "title": "Synestizer", "modified": "2016-06-12T17:40:39.768Z", "publish": "2015-02-20T17:19:10Z", "created": "2015-04-19T17:22:56.700Z", "teaser": 77, "category": 1, "slug": "synestizer"}, "model": "projects.project", "pk": 12}, {"fields": {"body": "<p>stahlnow! is about the work and life of stahl.</p>\r\n\r\n<p>&gt;&nbsp;<a href=\"/cv\">curriculum vitae</a></p>\r\n\r\n<p>&gt; <a href=\"javascript:contact()\">contact</a>:&nbsp;write an email to&nbsp;office / at / stahlnow.com</p>\r\n\r\n<p>&gt; <a href=\"https://twitter.com/stahlnow\" target=\"_blank\">@stahlnow </a></p>\r\n\r\n<p>&gt;&gt; if you like, encrypt your message with stahl&#39;s&nbsp;<a href=\"/key\">pgp public key</a></p>\r\n", "script": "<script>\r\n\r\nvar container;\r\n\r\nvar camera, scene, renderer;\r\n\r\nvar mesh, geometry, sphere;\r\n\r\nvar mouseX = 0,\r\n    mouseY = 0;\r\n\r\nvar WIDTH = 1122;\r\n\r\nvar windowHalfX = WIDTH / 2;\r\nvar windowHalfY = window.innerHeight / 2;\r\n\r\ndocument.addEventListener('mousemove', onDocumentMouseMove, false);\r\n\r\ninit();\r\nanimate();\r\n\r\n\r\nfunction init() {\r\n\r\n    container = document.createElement('div');\r\n    container.className = \"threejs\";\r\n    document.body.insertBefore(container, document.body.firstChild);\r\n\r\n    camera = new THREE.PerspectiveCamera(40, WIDTH / window.innerHeight, 1, 15000);\r\n    camera.position.z = 3200;\r\n\r\n    scene = new THREE.Scene();\r\n\r\n    sphere = new THREE.Mesh(new THREE.SphereGeometry(500, 15, 15), new THREE.MeshBasicMaterial({\r\n        wireframe: true,\r\n        color: 0x330033\r\n    }));\r\n    scene.add(sphere);\r\n\r\n    var geometry = new THREE.CylinderGeometry(0, 10, 100, 3);\r\n    geometry.applyMatrix(new THREE.Matrix4().makeRotationFromEuler(new THREE.Euler(Math.PI / 2, Math.PI, 0)));\r\n\r\n    var material = new THREE.MeshBasicMaterial({wireframe: true, color: 0x330033});\r\n\r\n    for (var i = 0; i < 30; i++) {\r\n\r\n        var mesh = new THREE.Mesh(geometry, material);\r\n        mesh.position.x = Math.random() * 4000 - 2000;\r\n        mesh.position.y = Math.random() * 4000 - 2000;\r\n        mesh.position.z = Math.random() * 4000 - 2000;\r\n        mesh.scale.x = mesh.scale.y = mesh.scale.z = Math.random() * 4 + 2;\r\n        scene.add(mesh);\r\n\r\n    }\r\n\r\n    scene.matrixAutoUpdate = false;\r\n\r\n    renderer = new THREE.WebGLRenderer({\r\n        antialias: true,\r\n        alpha: true\r\n    });\r\n    renderer.setClearColor(0x000000, 0);\r\n    renderer.setPixelRatio(window.devicePixelRatio);\r\n    renderer.setSize(WIDTH, window.innerHeight);\r\n    renderer.sortObjects = false;\r\n    container.appendChild(renderer.domElement);\r\n\r\n\r\n\r\n\r\n}\r\n\r\n\r\nfunction onDocumentMouseMove(event) {\r\n\r\n    mouseX = (event.clientX - windowHalfX) * 10;\r\n    mouseY = (event.clientY - windowHalfY) * 10;\r\n\r\n}\r\n\r\n//\r\n\r\nfunction animate() {\r\n\r\n    requestAnimationFrame(animate);\r\n\r\n    render();\r\n\r\n}\r\n\r\nfunction render() {\r\n\r\n    var time = Date.now() * 0.0005;\r\n\r\n    sphere.position.x = Math.sin(time * 0.7) * 2000;\r\n    sphere.position.y = Math.cos(time * 0.5) * 2000;\r\n    sphere.position.z = Math.cos(time * 0.3) * 2000;\r\n\r\n    for (var i = 1, l = scene.children.length; i < l; i++) {\r\n\r\n        scene.children[i].lookAt(sphere.position);\r\n\r\n    }\r\n\r\n    camera.position.x += (mouseX - camera.position.x) * .05;\r\n    camera.position.y += (-mouseY - camera.position.y) * .05;\r\n    camera.lookAt(scene.position);\r\n\r\n    renderer.render(scene, camera);\r\n\r\n}\r\n\r\n</script>", "slug": "about", "title": "About"}, "model": "pages.page", "pk": 1}, {"fields": {"body": "<ul>\r\n\t<li><span style=\"font-size:20px\"><strong><em>work</em></strong></span></li>\r\n\t<li><span style=\"font-size:20px\"><a href=\"http://pbi.io\" target=\"_blank\">palmbeach interactive</a></span></li>\r\n\t<li><span style=\"font-size:20px\"><a href=\"http://www.icst.net\" target=\"blank\">icst</a></span></li>\r\n\t<li><span style=\"font-size:20px\"><a href=\"http://www.zaak.ch/\" target=\"_blank\">zaak</a></span></li>\r\n\t<li><span style=\"font-size:20px\"><a href=\"http://nova.ethz.ch/\" target=\"_blank\">nova</a></span></li>\r\n\t<li><span style=\"font-size:20px\"><strong><em>art</em></strong></span></li>\r\n\t<li><span style=\"font-size:20px\"><a href=\"http://www.mechatronicart.ch\" target=\"_blank\">mechatronicart</a></span></li>\r\n\t<li><span style=\"font-size:20px\"><a href=\"http://www.hackteria.org\" target=\"_blank\">hackteria</a></span></li>\r\n\t<li><span style=\"font-size:20px\"><a href=\"http://www.dock18.ch\" target=\"_blank\">dock18</a></span></li>\r\n\t<li><span style=\"font-size:20px\"><a href=\"http://www.anorg.net\" target=\"_blank\">anorg</a></span></li>\r\n\t<li><span style=\"font-size:20px\"><a href=\"http://www.cholinska.com/\" target=\"_blank\">cho linska</a></span></li>\r\n\t<li><span style=\"font-size:20px\"><a href=\"http://0rel.com/\" target=\"_blank\">0rel</a></span></li>\r\n\t<li><span style=\"font-size:20px\"><a href=\"http://www.effi.me/\" target=\"_blank\">effi</a></span></li>\r\n\t<li><span style=\"font-size:20px\"><a href=\"http://www.erhalder.com/\" target=\"_blank\">erhalder</a></span></li>\r\n\t<li><span style=\"font-size:20px\"><a href=\"http://dusseiller.ch/labs\" target=\"_blank\">dusjagr</a></span></li>\r\n\t<li><span style=\"font-size:20px\"><a href=\"http://www.bit-tuner.net/\" target=\"_blank\">bit-tuner</a></span></li>\r\n\t<li><span style=\"font-size:20px\"><a href=\"http://www.eiko-music.com/\" target=\"_blank\">eiko</a>&nbsp;</span></li>\r\n\t<li><span style=\"font-size:20px\"><strong><em>lbls</em></strong></span></li>\r\n\t<li><span style=\"font-size:20px\"><a href=\"http://20kbps.sofapause.ch/\" target=\"_blank\">20kbps rec.</a></span></li>\r\n\t<li><span style=\"font-size:20px\"><a href=\"http://www.trepok.com/\" target=\"_blank\">trepok</a></span></li>\r\n</ul>\r\n", "script": "<script>\r\n\r\n    var mouseX = 0,\r\n        mouseY = 0,\r\n\r\n        WIDTH = 1122,\r\n\r\n        windowHalfX = WIDTH / 2,\r\n        windowHalfY = window.innerHeight / 2,\r\n\r\n        SEPARATION = 200,\r\n        AMOUNTX = 10,\r\n        AMOUNTY = 10,\r\n\r\n        camera, scene, renderer;\r\n\r\ninit();\r\nanimate();\r\n\r\nfunction init() {\r\n\r\n    var container, separation = 100,\r\n        amountX = 50,\r\n        amountY = 50,\r\n        particles, particle;\r\n\r\n    container = document.createElement('div');\r\n    container.className = \"threejs\";\r\n    document.body.insertBefore(container, document.body.firstChild);\r\n\r\n    camera = new THREE.PerspectiveCamera(75, WIDTH / window.innerHeight, 1, 10000);\r\n    camera.position.z = -500;\r\n\r\n    scene = new THREE.Scene();\r\n\r\n    renderer = new THREE.CanvasRenderer({alpha: true});\r\n    renderer.setClearColor( 0x000000, 0 );\r\n    renderer.setPixelRatio(window.devicePixelRatio);\r\n    renderer.setSize(WIDTH, window.innerHeight);\r\n    container.appendChild(renderer.domElement);\r\n\r\n    // particles\r\n\r\n    var PI2 = Math.PI * 2;\r\n    var material = new THREE.SpriteCanvasMaterial({\r\n\r\n        color: 0x330033,\r\n        program: function(context) {\r\n\r\n            context.beginPath();\r\n            context.arc(0, 0, 0.5, 0, PI2, true);\r\n            context.fill();\r\n\r\n        }\r\n\r\n    });\r\n\r\n    var geometry = new THREE.Geometry();\r\n\r\n    for (var i = 0; i < 30; i++) {\r\n\r\n        particle = new THREE.Sprite(material);\r\n        particle.position.x = Math.random() * 2 - 1;\r\n        particle.position.y = Math.random() * 2 - 1;\r\n        particle.position.z = Math.random() * 2 - 1;\r\n        particle.position.normalize();\r\n        particle.position.multiplyScalar(Math.random() * 10 + 450);\r\n        particle.scale.x = particle.scale.y = Math.random() * 20;\r\n        scene.add(particle);\r\n\r\n        geometry.vertices.push(particle.position);\r\n\r\n    }\r\n\r\n    // lines\r\n\r\n    var line = new THREE.Line(geometry, new THREE.LineBasicMaterial({\r\n        color: 0x330033,\r\n        opacity: 0.5\r\n    }));\r\n    scene.add(line);\r\n\r\n    document.addEventListener('mousemove', onDocumentMouseMove, false);\r\n\r\n}\r\n\r\nfunction onDocumentMouseMove(event) {\r\n\r\n    mouseX = event.clientX - windowHalfX;\r\n    mouseY = event.clientY - windowHalfY;\r\n\r\n}\r\n\r\n\r\nfunction animate() {\r\n\r\n    requestAnimationFrame(animate);\r\n\r\n    render();\r\n\r\n}\r\n\r\nfunction render() {\r\n\r\n    camera.position.x += (mouseX - camera.position.x) * .05;\r\n    camera.position.y += (-mouseY + 200 - camera.position.y) * .05;\r\n    camera.lookAt(scene.position);\r\n\r\n    renderer.render(scene, camera);\r\n\r\n}\r\n\r\n</script>", "slug": "network", "title": "Network"}, "model": "pages.page", "pk": 2}, {"fields": {"body": "<p><img alt=\"\" src=\"/media/files/965d6a73/e65e/48ea/ae2f/58621c241e2a.jpg\" style=\"height: 108px; width: 100px;\" /></p>\r\n\r\n<p>Cyberspace is my home, digital bohemianism my style!</p>\r\n\r\n<p>Christoph St&auml;hli, born on 26. Sept. 1982<br />\r\nlives and works in Zurich, Switzerland.</p>\r\n\r\n<p>Christoph St&auml;hli is working as freelance artist, hacker and programmer. He studied New Media (BA) and Fine Arts (MA) at the Universitiy of the Arts Zurich, ZHdK. His interest lies in the broad scientific field of media technologies and their applications in artist based practices. He developed content and software for the 3d LED display NOVA of ETH Zurich. As a member of the Swiss Mechatronic Art Society SGMK he&#39;s giving workshops and is co-organizer of the diy*-festival. From 2013 to&nbsp;2016&nbsp;he worked as&nbsp;research associate at the Institute for Computer Music and Sound Technology ICST at ZHdK. Currently Christoph St&auml;hli is working with <a href=\"https://pbi.io\" target=\"_blank\">palmbeach interactive</a>.</p>\r\n\r\n<p style=\"line-height: 20.8px;\"><em>german:</em><br />\r\nChristoph St&auml;hli arbeitet als freischaffender K&uuml;nstler, Hacker und Programmierer. Er hat an der Z&uuml;rcher Hochschule der K&uuml;nste, ZHdK, Neue Medien (BA) und Fine Arts (MA) studiert. Sein Interesse gilt dem Forschungsgebiet der&nbsp;<a href=\"http://de.wikipedia.org/wiki/Medientechnologie\" target=\"_blank\">Medientechnologien</a>&nbsp;und deren Anwendungen in der k&uuml;nstlerischen Praxis. Er entwickelte Applikationen und Inhalte f&uuml;r das 3D LED Display&nbsp;<a href=\"http://www.nova.ethz.ch\" target=\"_blank\">NOVA</a>&nbsp;der ETH Z&uuml;rich. Als Mitglied der Schweizerischen Gesellschaft f&uuml;r Mechatronische Kunst&nbsp;<a href=\"http://www.mechatronicart.ch\" target=\"_blank\">SGMK</a>&nbsp;gibt er regelm&auml;ssig Workshops und ist Co-Organisator des diy*-Festivals. Von 2013 bis&nbsp;2016 arbeitete er als wissenschaftlicher Mitarbeiter am Institute for Computer Music and Sound Technology&nbsp;<a href=\"http://www.icst.net\" target=\"_blank\">ICST</a>&nbsp;an der ZHdK.&nbsp;Zur Zeit arbeitet Christoph St&auml;hli bei <a href=\"https://pbi.io\" target=\"_blank\">palmbeach interactive</a>.</p>\r\n\r\n<p>Awards</p>\r\n\r\n<ul>\r\n\t<li>2015 &nbsp;Werkbeitrag Digitale Kultur&nbsp;<span style=\"line-height: 20.8px;\">Migros-Kulturprozent</span></li>\r\n</ul>\r\n\r\n<p>&nbsp;</p>\r\n\r\n<p>Career</p>\r\n\r\n<ul>\r\n\t<li>2016 - now &nbsp;Software development with <a href=\"https://pbi.io/\" target=\"_blank\">palmbeach interactive</a></li>\r\n\t<li>2015 - Freelancing&nbsp;<span style=\"line-height: 20.7999992370605px;\">in the field of Media &amp; Technology</span></li>\r\n\t<li>2013 - 2016 - Research Associate Institute for Computer Music and Sound Technology - <a href=\"http://www.icst.net\" target=\"_blank\">ICST</a></li>\r\n\t<li>2009 - 2013 -&nbsp;Freelancing at&nbsp;<a href=\"http://www.zaak.ch\" target=\"_blank\">ZAAK</a></li>\r\n\t<li>2013 - Master of Arts in Fine Arts -&nbsp;<a href=\"https://www.zhdk.ch/index.php?id=ma_fine_arts\" target=\"_blank\">Zurich University of the Arts</a></li>\r\n\t<li>2008 - 2012 - Content creation und development of the 3d display &quot;NOVA&quot; -&nbsp;<a href=\"http://www.eth.ch\" target=\"_blank\">ETH Zurich</a> &amp;&nbsp;horao</li>\r\n\t<li>2008 - Research Associate&nbsp;at Cast - ZHdK |&nbsp;IT support at Bachelor of Arts in Art Education - ZHdK</li>\r\n\t<li>2008 - Bachelor of Arts in Fine Arts with a specialization in Media Arts - <a href=\"http://www.zhdk.ch/?bmk_vmk\" target=\"_blank\">Zurich University of the Arts</a></li>\r\n\t<li>2006 - Founding of the&nbsp;<a href=\"http://www.mechatronicart.ch\" target=\"_blank\">Swiss Mechatronic Art Society</a>&nbsp;SGMK</li>\r\n\t<li>2003 - 2005 - Studies in Electrical Engineering and Computer Science at <a href=\"http://sti.epfl.ch/electrical-engineering\" target=\"_blank\">EPFL</a> Lausanne / <a href=\"http://www.inf.ethz.ch/\" target=\"_blank\">ETH</a> Zurich</li>\r\n\t<li>1998 - 2008 - Monthly Radio Show on <a href=\"http://www.kanalk.ch\" target=\"_blank\">Kanal K</a></li>\r\n</ul>\r\n\r\n<p><br />\r\n\u200bTravels: Indonesia (Yogyakarta), USA (New York, Boston, San Francisco), Iceland, Asia (Shanghai, Singapore), Western Europe.</p>\r\n\r\n<p>Selected Exhibitions/Projects</p>\r\n\r\n<ul>\r\n\t<li>2008: WatchyWalkyTV on Tour.</li>\r\n\t<li>2008: Media Facades Festival, Berlin.</li>\r\n\t<li>2009:&nbsp;Shanghai International Science &amp; Art Exhibition, Shangahi.</li>\r\n\t<li>2010:&nbsp;Grosse Kunstausstellung M&uuml;nchen, Munich.</li>\r\n\t<li>2010: Media Architecture Biennale, Vienna.</li>\r\n</ul>\r\n\r\n<p>&nbsp;</p>\r\n\r\n<p>Selected Workshops</p>\r\n\r\n<ul>\r\n\t<li>2007, 2008, 2009, 2010: diy makeaway - Shift Festival, Basel.</li>\r\n\t<li>2008: C64 workshop - Dynamo, Zurich.</li>\r\n\t<li>2009: diy makeaway - bug&#39;n&#39;play, Zurich.</li>\r\n\t<li>2009: diy makeaway -&nbsp;Tweakfest, Zurich.</li>\r\n\t<li>2010: LED guezli workshop - Dock 18, Zurich.</li>\r\n\t<li>2010: diy makeaway - ISEA, Dortmund.</li>\r\n\t<li>2011: diy makeaway - W&auml;scherei, Zurich.</li>\r\n\t<li>2011: diy power / makeaway - cellsbutton#5, Yogyakarta. Awarded by <a href=\"http://www.prohelvetia.ch\" target=\"_blank\">prohelvetia</a>.</li>\r\n\t<li>2016: <a href=\"http://balticlandscapes.ru\">Baltic Landscapes</a> - KOLLEKTIV residency, Kaliningrad. Awarded by prohelvetia.</li>\r\n</ul>\r\n\r\n<p>&nbsp;</p>\r\n\r\n<p>Selected Performances</p>\r\n\r\n<ul>\r\n\t<li>2008: Game of Sound, Live show at generator #12.</li>\r\n\t<li>2008: Game of Sound, Live show at elektro-lux v.9.</li>\r\n\t<li>2009: Game of Sound, Live show at Videostammtisch.</li>\r\n\t<li>2011: Game of Sound, Niemandslandfestival, Baden, CH</li>\r\n\t<li>2013: Noisetracks, Car Parc F&ouml;rrlibuckstrasse 178, Zurich</li>\r\n\t<li>2013: Noisetracks, poolloop, Festival for Experimental Instruments, Zurich,&nbsp;</li>\r\n\t<li>2015: Synestizer, poolloop 2015, Zurich, CH</li>\r\n\t<li>2016: <a href=\"http://kaliningradmusicweek.ru\" target=\"_blank\">Kaliningrad Music Week</a>, Kaliningrad, RU</li>\r\n</ul>\r\n", "script": "", "slug": "cv", "title": "Curriculum Vitae"}, "model": "pages.page", "pk": 3}, {"fields": {"body": "<p>click on the key to select and feel free to&nbsp;use it to <a href=\"javascript:contact()\">contact</a> me.</p>\r\n<script type=\"text/javascript\">\r\n    function selectText(containerid) {\r\n        if (document.selection) {\r\n            var range = document.body.createTextRange();\r\n            range.moveToElementText(document.getElementById(containerid));\r\n            range.select();\r\n        } else if (window.getSelection) {\r\n            var range = document.createRange();\r\n            range.selectNode(document.getElementById(containerid));\r\n            window.getSelection().addRange(range);\r\n        }\r\n    }\r\n</script>\r\n\r\n<div id=\"selectable\" onclick=\"selectText('selectable')\" style=\"display: inline-block;\">\r\n<pre>\r\n-----BEGIN PGP PUBLIC KEY BLOCK-----\r\n\r\nmQENBFjlXygBCACkXeinS/hJry4wJQT/1HXojn5hBInkUIHCTmbXjVCqZRFkbJy9\r\nosQe2UDze0CU8ga7k9cG4OUmutvZGICf9HilHJp9QwFcQYwcLG271S5NF59uOD3z\r\n6QFlzdZzzoOMGXmq9r7jQzheh26/54GgEIGjd81E1dYWR/F84PebEzUVk5kKW+06\r\n3Hdz1zggxO7dp3NExnQ3NddWRqLG7O6i+046MscrKNovjHo3R9J7+GABYu9KLLTm\r\nR0EF3S4LjW10AgQWILikGQ9C1FfmEvoYNPIPQCtI8/JuX0PDv+V+Rs4Kj3NdQyq+\r\nYdyhbocIm2lL1yT7YJnLTDsPMKDjtOepixn5ABEBAAG0J0NocmlzdG9waCBTdMOk\r\naGxpIDxvZmZpY2VAc3RhaGxub3cuY29tPokBTgQTAQgAOBYhBGSeEVuDmb4oZB1g\r\ny/ZHAbM+3j54BQJY5V8oAhsDBQsJCAcCBhUICQoLAgQWAgMBAh4BAheAAAoJEPZH\r\nAbM+3j54HUQH/03gOibfNmsayf5QK4Dg/wbRK0AdSIN9YZHDd7mSBnPNTE7x2tye\r\nyNWbt0hfm0/Ui6RrvVxWaDryvNVIaMSb2gqcKmBod9gMMSEgwVzje7VM8uxL6SGv\r\nGCCeC/0c/58I32TSXLgABo7GSSANT1E6CNgOBk5qsBMuGgQGCOJvUvJiTLoF1K6P\r\nNqyYDWBxurEmUlcUaSelfSsfdv3rZbhnstC870RydlN6TK2qCw1esrTSHi8RmkB1\r\na4YJiSf+POUXMh/P90tUmV+2EQeIB42JIaSm22JmTJAlow7UdDbdnLH9aSIJnxna\r\nzIQ7i7/TynbxHC0AxZ9ybwJ6sYHDqaHQcGS5AQ0EWOVfKAEIAM55LCoVlTmkds6f\r\nZp5gBAEUPSkbpm5zQAJKe/eGIejSMxGjD+9hWghfI96RfMgHydDi1J5kPxghdzkn\r\n6BhFwPK8GImraM2HY6aYCKiSTTGT6fWZDiBLSX6BXKnyxQMGgUYTcZUjAfO6nDxk\r\n6rpLo1WrT4e61VG2JmGTiLLeGqU62Mp+x6ZJ/+gPaXQ57PUfZIV91L+smVDe2tnf\r\nmTrxF0Rkb50lIp0y+PrJ+rUOGUzS+DBq7pqyDHhMdzN7z7M2IWCyqez4/RTsUvHw\r\nTHK8Y8rYo6EaNUFMnYgmNfSePVqYklSpa/yCr3DIMwxsGQ+aTVznlYtyIsKc2+o/\r\nDRvP+0EAEQEAAYkBNgQYAQgAIBYhBGSeEVuDmb4oZB1gy/ZHAbM+3j54BQJY5V8o\r\nAhsMAAoJEPZHAbM+3j548pcH/3XnwYox5Wjp7LGR7Pq9NkumpJR1uEmSNXF3o17R\r\nBCdqYM0bi8DD/IaQgXoayr4B9eoEIwhtJo1EF/hBZKy97AXbODJn6t+kMVy2nGu0\r\nk0Gv+Ov57g8Ryrzhuluv/pLh6VRXpmNpX0BEc4dt+vav2B1qOQsXsoj8lij20vsp\r\nc5DbCeCye0ozJQODmgLRQcb0LkeuP1nFsTxJmPcRFeTox2iPneb2WsD/H4QBphZK\r\nad7h95JjQg728LKjC9MxiizsYMa5Mg/pBWTbVXlvRaY/Vl132wPK1dsIEH+qhAhG\r\nznWZLX9P49PRaBSj+2To0lIOGdXGOBcwU/XtSNhPe1eTMzw=\r\n=dG9k\r\n-----END PGP PUBLIC KEY BLOCK-----\r\n</pre>\r\n</div>\r\n", "script": "", "slug": "key", "title": "PGP Public Key"}, "model": "pages.page", "pk": 4}, {"fields": {"updated": "2016-06-09T01:08:52.017Z", "uuid": "d87f0ebf-f652-4da3-a077-3f491e3f29cd", "created": "2016-06-09T01:08:52.009Z", "image": 1, "caption": "", "link": "http://www.stahlnow.com/projects/noisetracks", "gallery": 1}, "model": "gallery.image", "pk": 1}, {"fields": {"updated": "2016-06-09T01:14:53.140Z", "uuid": "8d2e2443-4ccd-4dea-bb2a-eee03adc4b94", "created": "2016-06-09T01:14:53.131Z", "image": 4, "caption": "", "link": "http://blackghillie.knowbotiq.net/", "gallery": 1}, "model": "gallery.image", "pk": 2}, {"fields": {"updated": "2016-06-09T01:17:35.458Z", "uuid": "48a3511b-edfe-444c-ad44-928532441593", "created": "2016-06-09T01:17:35.450Z", "image": 5, "caption": "", "link": "http://www.stahlnow.com/projects/synestizer", "gallery": 1}, "model": "gallery.image", "pk": 3}, {"fields": {"updated": "2016-06-09T01:25:54.293Z", "uuid": "d0a0b653-fd44-49e8-a014-0c72c4ef5a5d", "created": "2016-06-09T01:25:53.899Z", "image": 8, "caption": "", "link": "http://www.stahlnow.com/projects/game-of-sound", "gallery": 1}, "model": "gallery.image", "pk": 4}, {"fields": {"updated": "2016-06-09T22:04:32.270Z", "uuid": "16b3a4d5-4722-4d9a-b039-be8f4edd0a77", "created": "2016-06-09T22:04:32.260Z", "image": 9, "caption": "", "link": "http://www.stahlnow.com/projects/visual-thesaurus", "gallery": 1}, "model": "gallery.image", "pk": 5}, {"fields": {"updated": "2016-06-09T01:08:36.350Z", "uuid": "8092bf8a-ffa1-46be-a1b9-b09af19ef912", "name": "Main", "created": "2016-06-09T01:08:36.348Z"}, "model": "gallery.gallery", "pk": 1}]